[2026-03-28 20:38:16] local.ERROR: Please provide a valid cache path. {"exception":"[object] (InvalidArgumentException(code: 0): Please provide a valid cache path. at C:\\Users\\derva\\Desktop\\movie-recommendation\\vendor\\laravel\\framework\\src\\Illuminate\\View\\Compilers\\Compiler.php:36)
[stacktrace]
#0 C:\\Users\\derva\\Desktop\\movie-recommendation\\vendor\\laravel\\framework\\src\\Illuminate\\View\\ViewServiceProvider.php(88): Illuminate\\View\\Compilers\\Compiler->__construct(Object(Illuminate\\Filesystem\\Filesystem), false)
#1 C:\\Users\\derva\\Desktop\\movie-recommendation\\vendor\\laravel\\framework\\src\\Illuminate\\Container\\Container.php(873): Illuminate\\View\\ViewServiceProvider->{closure:Illuminate\\View\\ViewServiceProvider::registerBladeCompiler():87}(Object(Illuminate\\Foundation\\Application), Array)
#2 C:\\Users\\derva\\Desktop\\movie-recommendation\\vendor\\laravel\\framework\\src\\Illuminate\\Container\\Container.php(758): Illuminate\\Container\\Container->build(Object(Closure))
#3 C:\\Users\\derva\\Desktop\\movie-recommendation\\vendor\\laravel\\framework\\src\\Illuminate\\Foundation\\Application.php(851): Illuminate\\Container\\Container->resolve('blade.compiler', Array, true)
#4 C:\\Users\\derva\\Desktop\\movie-recommendation\\vendor\\laravel\\framework\\src\\Illuminate\\Container\\Container.php(694): Illuminate\\Foundation\\Application->resolve('blade.compiler', Array)
#5 C:\\Users\\derva\\Desktop\\movie-recommendation\\vendor\\laravel\\framework\\src\\Illuminate\\Foundation\\Application.php(836): Illuminate\\Container\\Container->make('blade.compiler', Array)
#6 C:\\Users\\derva\\Desktop\\movie-recommendation\\vendor\\laravel\\framework\\src\\Illuminate\\Container\\Container.php(1419): Illuminate\\Foundation\\Application->make('blade.compiler')
#7 C:\\Users\\derva\\Desktop\\movie-recommendation\\vendor\\laravel\\framework\\src\\Illuminate\\View\\ViewServiceProvider.php(150): Illuminate\\Container\\Container->offsetGet('blade.compiler')
#8 [internal function]: Illuminate\\View\\ViewServiceProvider->{closure:Illuminate\\View\\ViewServiceProvider::registerBladeEngine():149}()
#9 C:\\Users\\derva\\Desktop\\movie-recommendation\\vendor\\laravel\\framework\\src\\Illuminate\\View\\Engines\\EngineResolver.php(55): call_user_func(Object(Closure))
#10 C:\\Users\\derva\\Desktop\\movie-recommendation\\vendor\\facade\\ignition\\src\\IgnitionServiceProvider.php(467): Illuminate\\View\\Engines\\EngineResolver->resolve('blade')
#11 C:\\Users\\derva\\Desktop\\movie-recommendation\\vendor\\facade\\ignition\\src\\IgnitionServiceProvider.php(158): Facade\\Ignition\\IgnitionServiceProvider->hasCustomViewEnginesRegistered()
#12 C:\\Users\\derva\\Desktop\\movie-recommendation\\vendor\\facade\\ignition\\src\\IgnitionServiceProvider.php(101): Facade\\Ignition\\IgnitionServiceProvider->registerViewEngines()
#13 C:\\Users\\derva\\Desktop\\movie-recommendation\\vendor\\laravel\\framework\\src\\Illuminate\\Container\\BoundMethod.php(36): Facade\\Ignition\\IgnitionServiceProvider->boot()
#14 C:\\Users\\derva\\Desktop\\movie-recommendation\\vendor\\laravel\\framework\\src\\Illuminate\\Container\\Util.php(40): Illuminate\\Container\\BoundMethod::{closure:Illuminate\\Container\\BoundMethod::call():35}()
#15 C:\\Users\\derva\\Desktop\\movie-recommendation\\vendor\\laravel\\framework\\src\\Illuminate\\Container\\BoundMethod.php(93): Illuminate\\Container\\Util::unwrapIfClosure(Object(Closure))
#16 C:\\Users\\derva\\Desktop\\movie-recommendation\\vendor\\laravel\\framework\\src\\Illuminate\\Container\\BoundMethod.php(35): Illuminate\\Container\\BoundMethod::callBoundMethod(Object(Illuminate\\Foundation\\Application), Array, Object(Closure))
#17 C:\\Users\\derva\\Desktop\\movie-recommendation\\vendor\\laravel\\framework\\src\\Illuminate\\Container\\Container.php(653): Illuminate\\Container\\BoundMethod::call(Object(Illuminate\\Foundation\\Application), Array, Array, NULL)
#18 C:\\Users\\derva\\Desktop\\movie-recommendation\\vendor\\laravel\\framework\\src\\Illuminate\\Foundation\\Application.php(924): Illuminate\\Container\\Container->call(Array)
#19 C:\\Users\\derva\\Desktop\\movie-recommendation\\vendor\\laravel\\framework\\src\\Illuminate\\Foundation\\Application.php(905): Illuminate\\Foundation\\Application->bootProvider(Object(Facade\\Ignition\\IgnitionServiceProvider))
#20 [internal function]: Illuminate\\Foundation\\Application->{closure:Illuminate\\Foundation\\Application::boot():904}(Object(Facade\\Ignition\\IgnitionServiceProvider), 15)
#21 C:\\Users\\derva\\Desktop\\movie-recommendation\\vendor\\laravel\\framework\\src\\Illuminate\\Foundation\\Application.php(904): array_walk(Array, Object(Closure))
#22 C:\\Users\\derva\\Desktop\\movie-recommendation\\vendor\\laravel\\framework\\src\\Illuminate\\Foundation\\Bootstrap\\BootProviders.php(17): Illuminate\\Foundation\\Application->boot()
#23 C:\\Users\\derva\\Desktop\\movie-recommendation\\vendor\\laravel\\framework\\src\\Illuminate\\Foundation\\Application.php(237): Illuminate\\Foundation\\Bootstrap\\BootProviders->bootstrap(Object(Illuminate\\Foundation\\Application))
#24 C:\\Users\\derva\\Desktop\\movie-recommendation\\vendor\\laravel\\framework\\src\\Illuminate\\Foundation\\Console\\Kernel.php(310): Illuminate\\Foundation\\Application->bootstrapWith(Array)
#25 C:\\Users\\derva\\Desktop\\movie-recommendation\\vendor\\laravel\\framework\\src\\Illuminate\\Foundation\\Console\\Kernel.php(127): Illuminate\\Foundation\\Console\\Kernel->bootstrap()
#26 C:\\Users\\derva\\Desktop\\movie-recommendation\\artisan(35): Illuminate\\Foundation\\Console\\Kernel->handle(Object(Symfony\\Component\\Console\\Input\\ArgvInput), Object(Symfony\\Component\\Console\\Output\\ConsoleOutput))
#27 {main}
"} 
[2026-03-28 20:38:41] local.ERROR: Please provide a valid cache path. {"exception":"[object] (InvalidArgumentException(code: 0): Please provide a valid cache path. at C:\\Users\\derva\\Desktop\\movie-recommendation\\vendor\\laravel\\framework\\src\\Illuminate\\View\\Compilers\\Compiler.php:36)
[stacktrace]
#0 C:\\Users\\derva\\Desktop\\movie-recommendation\\vendor\\laravel\\framework\\src\\Illuminate\\View\\ViewServiceProvider.php(88): Illuminate\\View\\Compilers\\Compiler->__construct(Object(Illuminate\\Filesystem\\Filesystem), false)
#1 C:\\Users\\derva\\Desktop\\movie-recommendation\\vendor\\laravel\\framework\\src\\Illuminate\\Container\\Container.php(873): Illuminate\\View\\ViewServiceProvider->{closure:Illuminate\\View\\ViewServiceProvider::registerBladeCompiler():87}(Object(Illuminate\\Foundation\\Application), Array)
#2 C:\\Users\\derva\\Desktop\\movie-recommendation\\vendor\\laravel\\framework\\src\\Illuminate\\Container\\Container.php(758): Illuminate\\Container\\Container->build(Object(Closure))
#3 C:\\Users\\derva\\Desktop\\movie-recommendation\\vendor\\laravel\\framework\\src\\Illuminate\\Foundation\\Application.php(851): Illuminate\\Container\\Container->resolve('blade.compiler', Array, true)
#4 C:\\Users\\derva\\Desktop\\movie-recommendation\\vendor\\laravel\\framework\\src\\Illuminate\\Container\\Container.php(694): Illuminate\\Foundation\\Application->resolve('blade.compiler', Array)
#5 C:\\Users\\derva\\Desktop\\movie-recommendation\\vendor\\laravel\\framework\\src\\Illuminate\\Foundation\\Application.php(836): Illuminate\\Container\\Container->make('blade.compiler', Array)
#6 C:\\Users\\derva\\Desktop\\movie-recommendation\\vendor\\laravel\\framework\\src\\Illuminate\\Container\\Container.php(1419): Illuminate\\Foundation\\Application->make('blade.compiler')
#7 C:\\Users\\derva\\Desktop\\movie-recommendation\\vendor\\laravel\\framework\\src\\Illuminate\\View\\ViewServiceProvider.php(150): Illuminate\\Container\\Container->offsetGet('blade.compiler')
#8 [internal function]: Illuminate\\View\\ViewServiceProvider->{closure:Illuminate\\View\\ViewServiceProvider::registerBladeEngine():149}()
#9 C:\\Users\\derva\\Desktop\\movie-recommendation\\vendor\\laravel\\framework\\src\\Illuminate\\View\\Engines\\EngineResolver.php(55): call_user_func(Object(Closure))
#10 C:\\Users\\derva\\Desktop\\movie-recommendation\\vendor\\facade\\ignition\\src\\IgnitionServiceProvider.php(467): Illuminate\\View\\Engines\\EngineResolver->resolve('blade')
#11 C:\\Users\\derva\\Desktop\\movie-recommendation\\vendor\\facade\\ignition\\src\\IgnitionServiceProvider.php(158): Facade\\Ignition\\IgnitionServiceProvider->hasCustomViewEnginesRegistered()
#12 C:\\Users\\derva\\Desktop\\movie-recommendation\\vendor\\facade\\ignition\\src\\IgnitionServiceProvider.php(101): Facade\\Ignition\\IgnitionServiceProvider->registerViewEngines()
#13 C:\\Users\\derva\\Desktop\\movie-recommendation\\vendor\\laravel\\framework\\src\\Illuminate\\Container\\BoundMethod.php(36): Facade\\Ignition\\IgnitionServiceProvider->boot()
#14 C:\\Users\\derva\\Desktop\\movie-recommendation\\vendor\\laravel\\framework\\src\\Illuminate\\Container\\Util.php(40): Illuminate\\Container\\BoundMethod::{closure:Illuminate\\Container\\BoundMethod::call():35}()
#15 C:\\Users\\derva\\Desktop\\movie-recommendation\\vendor\\laravel\\framework\\src\\Illuminate\\Container\\BoundMethod.php(93): Illuminate\\Container\\Util::unwrapIfClosure(Object(Closure))
#16 C:\\Users\\derva\\Desktop\\movie-recommendation\\vendor\\laravel\\framework\\src\\Illuminate\\Container\\BoundMethod.php(35): Illuminate\\Container\\BoundMethod::callBoundMethod(Object(Illuminate\\Foundation\\Application), Array, Object(Closure))
#17 C:\\Users\\derva\\Desktop\\movie-recommendation\\vendor\\laravel\\framework\\src\\Illuminate\\Container\\Container.php(653): Illuminate\\Container\\BoundMethod::call(Object(Illuminate\\Foundation\\Application), Array, Array, NULL)
#18 C:\\Users\\derva\\Desktop\\movie-recommendation\\vendor\\laravel\\framework\\src\\Illuminate\\Foundation\\Application.php(924): Illuminate\\Container\\Container->call(Array)
#19 C:\\Users\\derva\\Desktop\\movie-recommendation\\vendor\\laravel\\framework\\src\\Illuminate\\Foundation\\Application.php(905): Illuminate\\Foundation\\Application->bootProvider(Object(Facade\\Ignition\\IgnitionServiceProvider))
#20 [internal function]: Illuminate\\Foundation\\Application->{closure:Illuminate\\Foundation\\Application::boot():904}(Object(Facade\\Ignition\\IgnitionServiceProvider), 15)
#21 C:\\Users\\derva\\Desktop\\movie-recommendation\\vendor\\laravel\\framework\\src\\Illuminate\\Foundation\\Application.php(904): array_walk(Array, Object(Closure))
#22 C:\\Users\\derva\\Desktop\\movie-recommendation\\vendor\\laravel\\framework\\src\\Illuminate\\Foundation\\Bootstrap\\BootProviders.php(17): Illuminate\\Foundation\\Application->boot()
#23 C:\\Users\\derva\\Desktop\\movie-recommendation\\vendor\\laravel\\framework\\src\\Illuminate\\Foundation\\Application.php(237): Illuminate\\Foundation\\Bootstrap\\BootProviders->bootstrap(Object(Illuminate\\Foundation\\Application))
#24 C:\\Users\\derva\\Desktop\\movie-recommendation\\vendor\\laravel\\framework\\src\\Illuminate\\Foundation\\Console\\Kernel.php(310): Illuminate\\Foundation\\Application->bootstrapWith(Array)
#25 C:\\Users\\derva\\Desktop\\movie-recommendation\\vendor\\laravel\\framework\\src\\Illuminate\\Foundation\\Console\\Kernel.php(127): Illuminate\\Foundation\\Console\\Kernel->bootstrap()
#26 C:\\Users\\derva\\Desktop\\movie-recommendation\\artisan(35): Illuminate\\Foundation\\Console\\Kernel->handle(Object(Symfony\\Component\\Console\\Input\\ArgvInput), Object(Symfony\\Component\\Console\\Output\\ConsoleOutput))
#27 {main}
"} 
[2026-03-29 10:13:30] local.ERROR: SQLSTATE[HY000] [2002] No connection could be made because the target machine actively refused it (SQL: select * from information_schema.tables where table_schema = laravel and table_name = migrations and table_type = 'BASE TABLE') {"exception":"[object] (Illuminate\\Database\\QueryException(code: 2002): SQLSTATE[HY000] [2002] No connection could be made because the target machine actively refused it (SQL: select * from information_schema.tables where table_schema = laravel and table_name = migrations and table_type = 'BASE TABLE') at C:\\Users\\derva\\Desktop\\movie-recommendation\\vendor\\laravel\\framework\\src\\Illuminate\\Database\\Connection.php:712)
[stacktrace]
#0 C:\\Users\\derva\\Desktop\\movie-recommendation\\vendor\\laravel\\framework\\src\\Illuminate\\Database\\Connection.php(672): Illuminate\\Database\\Connection->runQueryCallback('select * from i...', Array, Object(Closure))
#1 C:\\Users\\derva\\Desktop\\movie-recommendation\\vendor\\laravel\\framework\\src\\Illuminate\\Database\\Connection.php(359): Illuminate\\Database\\Connection->run('select * from i...', Array, Object(Closure))
#2 C:\\Users\\derva\\Desktop\\movie-recommendation\\vendor\\laravel\\framework\\src\\Illuminate\\Database\\Schema\\MySqlBuilder.php(43): Illuminate\\Database\\Connection->select('select * from i...', Array)
#3 C:\\Users\\derva\\Desktop\\movie-recommendation\\vendor\\laravel\\framework\\src\\Illuminate\\Database\\Migrations\\DatabaseMigrationRepository.php(169): Illuminate\\Database\\Schema\\MySqlBuilder->hasTable('migrations')
#4 C:\\Users\\derva\\Desktop\\movie-recommendation\\vendor\\laravel\\framework\\src\\Illuminate\\Database\\Migrations\\Migrator.php(673): Illuminate\\Database\\Migrations\\DatabaseMigrationRepository->repositoryExists()
#5 C:\\Users\\derva\\Desktop\\movie-recommendation\\vendor\\laravel\\framework\\src\\Illuminate\\Database\\Console\\Migrations\\MigrateCommand.php(110): Illuminate\\Database\\Migrations\\Migrator->repositoryExists()
#6 C:\\Users\\derva\\Desktop\\movie-recommendation\\vendor\\laravel\\framework\\src\\Illuminate\\Database\\Console\\Migrations\\MigrateCommand.php(78): Illuminate\\Database\\Console\\Migrations\\MigrateCommand->prepareDatabase()
#7 C:\\Users\\derva\\Desktop\\movie-recommendation\\vendor\\laravel\\framework\\src\\Illuminate\\Database\\Migrations\\Migrator.php(606): Illuminate\\Database\\Console\\Migrations\\MigrateCommand->{closure:Illuminate\\Database\\Console\\Migrations\\MigrateCommand::handle():77}()
#8 C:\\Users\\derva\\Desktop\\movie-recommendation\\vendor\\laravel\\framework\\src\\Illuminate\\Database\\Console\\Migrations\\MigrateCommand.php(77): Illuminate\\Database\\Migrations\\Migrator->usingConnection(NULL, Object(Closure))
#9 C:\\Users\\derva\\Desktop\\movie-recommendation\\vendor\\laravel\\framework\\src\\Illuminate\\Container\\BoundMethod.php(36): Illuminate\\Database\\Console\\Migrations\\MigrateCommand->handle()
#10 C:\\Users\\derva\\Desktop\\movie-recommendation\\vendor\\laravel\\framework\\src\\Illuminate\\Container\\Util.php(40): Illuminate\\Container\\BoundMethod::{closure:Illuminate\\Container\\BoundMethod::call():35}()
#11 C:\\Users\\derva\\Desktop\\movie-recommendation\\vendor\\laravel\\framework\\src\\Illuminate\\Container\\BoundMethod.php(93): Illuminate\\Container\\Util::unwrapIfClosure(Object(Closure))
#12 C:\\Users\\derva\\Desktop\\movie-recommendation\\vendor\\laravel\\framework\\src\\Illuminate\\Container\\BoundMethod.php(35): Illuminate\\Container\\BoundMethod::callBoundMethod(Object(Illuminate\\Foundation\\Application), Array, Object(Closure))
#13 C:\\Users\\derva\\Desktop\\movie-recommendation\\vendor\\laravel\\framework\\src\\Illuminate\\Container\\Container.php(653): Illuminate\\Container\\BoundMethod::call(Object(Illuminate\\Foundation\\Application), Array, Array, NULL)
#14 C:\\Users\\derva\\Desktop\\movie-recommendation\\vendor\\laravel\\framework\\src\\Illuminate\\Console\\Command.php(136): Illuminate\\Container\\Container->call(Array)
#15 C:\\Users\\derva\\Desktop\\movie-recommendation\\vendor\\symfony\\console\\Command\\Command.php(298): Illuminate\\Console\\Command->execute(Object(Symfony\\Component\\Console\\Input\\ArgvInput), Object(Illuminate\\Console\\OutputStyle))
#16 C:\\Users\\derva\\Desktop\\movie-recommendation\\vendor\\laravel\\framework\\src\\Illuminate\\Console\\Command.php(120): Symfony\\Component\\Console\\Command\\Command->run(Object(Symfony\\Component\\Console\\Input\\ArgvInput), Object(Illuminate\\Console\\OutputStyle))
#17 C:\\Users\\derva\\Desktop\\movie-recommendation\\vendor\\symfony\\console\\Application.php(1040): Illuminate\\Console\\Command->run(Object(Symfony\\Component\\Console\\Input\\ArgvInput), Object(Symfony\\Component\\Console\\Output\\ConsoleOutput))
#18 C:\\Users\\derva\\Desktop\\movie-recommendation\\vendor\\symfony\\console\\Application.php(301): Symfony\\Component\\Console\\Application->doRunCommand(Object(Illuminate\\Database\\Console\\Migrations\\MigrateCommand), Object(Symfony\\Component\\Console\\Input\\ArgvInput), Object(Symfony\\Component\\Console\\Output\\ConsoleOutput))
#19 C:\\Users\\derva\\Desktop\\movie-recommendation\\vendor\\symfony\\console\\Application.php(171): Symfony\\Component\\Console\\Application->doRun(Object(Symfony\\Component\\Console\\Input\\ArgvInput), Object(Symfony\\Component\\Console\\Output\\ConsoleOutput))
#20 C:\\Users\\derva\\Desktop\\movie-recommendation\\vendor\\laravel\\framework\\src\\Illuminate\\Console\\Application.php(94): Symfony\\Component\\Console\\Application->run(Object(Symfony\\Component\\Console\\Input\\ArgvInput), Object(Symfony\\Component\\Console\\Output\\ConsoleOutput))
#21 C:\\Users\\derva\\Desktop\\movie-recommendation\\vendor\\laravel\\framework\\src\\Illuminate\\Foundation\\Console\\Kernel.php(129): Illuminate\\Console\\Application->run(Object(Symfony\\Component\\Console\\Input\\ArgvInput), Object(Symfony\\Component\\Console\\Output\\ConsoleOutput))
#22 C:\\Users\\derva\\Desktop\\movie-recommendation\\artisan(35): Illuminate\\Foundation\\Console\\Kernel->handle(Object(Symfony\\Component\\Console\\Input\\ArgvInput), Object(Symfony\\Component\\Console\\Output\\ConsoleOutput))
#23 {main}

[previous exception] [object] (PDOException(code: 2002): SQLSTATE[HY000] [2002] No connection could be made because the target machine actively refused it at C:\\Users\\derva\\Desktop\\movie-recommendation\\vendor\\laravel\\framework\\src\\Illuminate\\Database\\Connectors\\Connector.php:70)
[stacktrace]
#0 C:\\Users\\derva\\Desktop\\movie-recommendation\\vendor\\laravel\\framework\\src\\Illuminate\\Database\\Connectors\\Connector.php(70): PDO->__construct('mysql:host=127....', 'root', Object(SensitiveParameterValue), Array)
#1 C:\\Users\\derva\\Desktop\\movie-recommendation\\vendor\\laravel\\framework\\src\\Illuminate\\Database\\Connectors\\Connector.php(45): Illuminate\\Database\\Connectors\\Connector->createPdoConnection('mysql:host=127....', 'root', '', Array)
#2 C:\\Users\\derva\\Desktop\\movie-recommendation\\vendor\\laravel\\framework\\src\\Illuminate\\Database\\Connectors\\MySqlConnector.php(24): Illuminate\\Database\\Connectors\\Connector->createConnection('mysql:host=127....', Array, Array)
#3 C:\\Users\\derva\\Desktop\\movie-recommendation\\vendor\\laravel\\framework\\src\\Illuminate\\Database\\Connectors\\ConnectionFactory.php(184): Illuminate\\Database\\Connectors\\MySqlConnector->connect(Array)
#4 [internal function]: Illuminate\\Database\\Connectors\\ConnectionFactory->{closure:Illuminate\\Database\\Connectors\\ConnectionFactory::createPdoResolverWithHosts():179}()
#5 C:\\Users\\derva\\Desktop\\movie-recommendation\\vendor\\laravel\\framework\\src\\Illuminate\\Database\\Connection.php(1064): call_user_func(Object(Closure))
#6 C:\\Users\\derva\\Desktop\\movie-recommendation\\vendor\\laravel\\framework\\src\\Illuminate\\Database\\Connection.php(1100): Illuminate\\Database\\Connection->getPdo()
#7 C:\\Users\\derva\\Desktop\\movie-recommendation\\vendor\\laravel\\framework\\src\\Illuminate\\Database\\Connection.php(442): Illuminate\\Database\\Connection->getReadPdo()
#8 C:\\Users\\derva\\Desktop\\movie-recommendation\\vendor\\laravel\\framework\\src\\Illuminate\\Database\\Connection.php(368): Illuminate\\Database\\Connection->getPdoForSelect(true)
#9 C:\\Users\\derva\\Desktop\\movie-recommendation\\vendor\\laravel\\framework\\src\\Illuminate\\Database\\Connection.php(705): Illuminate\\Database\\Connection->{closure:Illuminate\\Database\\Connection::select():359}('select * from i...', Array)
#10 C:\\Users\\derva\\Desktop\\movie-recommendation\\vendor\\laravel\\framework\\src\\Illuminate\\Database\\Connection.php(672): Illuminate\\Database\\Connection->runQueryCallback('select * from i...', Array, Object(Closure))
#11 C:\\Users\\derva\\Desktop\\movie-recommendation\\vendor\\laravel\\framework\\src\\Illuminate\\Database\\Connection.php(359): Illuminate\\Database\\Connection->run('select * from i...', Array, Object(Closure))
#12 C:\\Users\\derva\\Desktop\\movie-recommendation\\vendor\\laravel\\framework\\src\\Illuminate\\Database\\Schema\\MySqlBuilder.php(43): Illuminate\\Database\\Connection->select('select * from i...', Array)
#13 C:\\Users\\derva\\Desktop\\movie-recommendation\\vendor\\laravel\\framework\\src\\Illuminate\\Database\\Migrations\\DatabaseMigrationRepository.php(169): Illuminate\\Database\\Schema\\MySqlBuilder->hasTable('migrations')
#14 C:\\Users\\derva\\Desktop\\movie-recommendation\\vendor\\laravel\\framework\\src\\Illuminate\\Database\\Migrations\\Migrator.php(673): Illuminate\\Database\\Migrations\\DatabaseMigrationRepository->repositoryExists()
#15 C:\\Users\\derva\\Desktop\\movie-recommendation\\vendor\\laravel\\framework\\src\\Illuminate\\Database\\Console\\Migrations\\MigrateCommand.php(110): Illuminate\\Database\\Migrations\\Migrator->repositoryExists()
#16 C:\\Users\\derva\\Desktop\\movie-recommendation\\vendor\\laravel\\framework\\src\\Illuminate\\Database\\Console\\Migrations\\MigrateCommand.php(78): Illuminate\\Database\\Console\\Migrations\\MigrateCommand->prepareDatabase()
#17 C:\\Users\\derva\\Desktop\\movie-recommendation\\vendor\\laravel\\framework\\src\\Illuminate\\Database\\Migrations\\Migrator.php(606): Illuminate\\Database\\Console\\Migrations\\MigrateCommand->{closure:Illuminate\\Database\\Console\\Migrations\\MigrateCommand::handle():77}()
#18 C:\\Users\\derva\\Desktop\\movie-recommendation\\vendor\\laravel\\framework\\src\\Illuminate\\Database\\Console\\Migrations\\MigrateCommand.php(77): Illuminate\\Database\\Migrations\\Migrator->usingConnection(NULL, Object(Closure))
#19 C:\\Users\\derva\\Desktop\\movie-recommendation\\vendor\\laravel\\framework\\src\\Illuminate\\Container\\BoundMethod.php(36): Illuminate\\Database\\Console\\Migrations\\MigrateCommand->handle()
#20 C:\\Users\\derva\\Desktop\\movie-recommendation\\vendor\\laravel\\framework\\src\\Illuminate\\Container\\Util.php(40): Illuminate\\Container\\BoundMethod::{closure:Illuminate\\Container\\BoundMethod::call():35}()
#21 C:\\Users\\derva\\Desktop\\movie-recommendation\\vendor\\laravel\\framework\\src\\Illuminate\\Container\\BoundMethod.php(93): Illuminate\\Container\\Util::unwrapIfClosure(Object(Closure))
#22 C:\\Users\\derva\\Desktop\\movie-recommendation\\vendor\\laravel\\framework\\src\\Illuminate\\Container\\BoundMethod.php(35): Illuminate\\Container\\BoundMethod::callBoundMethod(Object(Illuminate\\Foundation\\Application), Array, Object(Closure))
#23 C:\\Users\\derva\\Desktop\\movie-recommendation\\vendor\\laravel\\framework\\src\\Illuminate\\Container\\Container.php(653): Illuminate\\Container\\BoundMethod::call(Object(Illuminate\\Foundation\\Application), Array, Array, NULL)
#24 C:\\Users\\derva\\Desktop\\movie-recommendation\\vendor\\laravel\\framework\\src\\Illuminate\\Console\\Command.php(136): Illuminate\\Container\\Container->call(Array)
#25 C:\\Users\\derva\\Desktop\\movie-recommendation\\vendor\\symfony\\console\\Command\\Command.php(298): Illuminate\\Console\\Command->execute(Object(Symfony\\Component\\Console\\Input\\ArgvInput), Object(Illuminate\\Console\\OutputStyle))
#26 C:\\Users\\derva\\Desktop\\movie-recommendation\\vendor\\laravel\\framework\\src\\Illuminate\\Console\\Command.php(120): Symfony\\Component\\Console\\Command\\Command->run(Object(Symfony\\Component\\Console\\Input\\ArgvInput), Object(Illuminate\\Console\\OutputStyle))
#27 C:\\Users\\derva\\Desktop\\movie-recommendation\\vendor\\symfony\\console\\Application.php(1040): Illuminate\\Console\\Command->run(Object(Symfony\\Component\\Console\\Input\\ArgvInput), Object(Symfony\\Component\\Console\\Output\\ConsoleOutput))
#28 C:\\Users\\derva\\Desktop\\movie-recommendation\\vendor\\symfony\\console\\Application.php(301): Symfony\\Component\\Console\\Application->doRunCommand(Object(Illuminate\\Database\\Console\\Migrations\\MigrateCommand), Object(Symfony\\Component\\Console\\Input\\ArgvInput), Object(Symfony\\Component\\Console\\Output\\ConsoleOutput))
#29 C:\\Users\\derva\\Desktop\\movie-recommendation\\vendor\\symfony\\console\\Application.php(171): Symfony\\Component\\Console\\Application->doRun(Object(Symfony\\Component\\Console\\Input\\ArgvInput), Object(Symfony\\Component\\Console\\Output\\ConsoleOutput))
#30 C:\\Users\\derva\\Desktop\\movie-recommendation\\vendor\\laravel\\framework\\src\\Illuminate\\Console\\Application.php(94): Symfony\\Component\\Console\\Application->run(Object(Symfony\\Component\\Console\\Input\\ArgvInput), Object(Symfony\\Component\\Console\\Output\\ConsoleOutput))
#31 C:\\Users\\derva\\Desktop\\movie-recommendation\\vendor\\laravel\\framework\\src\\Illuminate\\Foundation\\Console\\Kernel.php(129): Illuminate\\Console\\Application->run(Object(Symfony\\Component\\Console\\Input\\ArgvInput), Object(Symfony\\Component\\Console\\Output\\ConsoleOutput))
#32 C:\\Users\\derva\\Desktop\\movie-recommendation\\artisan(35): Illuminate\\Foundation\\Console\\Kernel->handle(Object(Symfony\\Component\\Console\\Input\\ArgvInput), Object(Symfony\\Component\\Console\\Output\\ConsoleOutput))
#33 {main}
"} 
[2026-03-29 10:36:26] local.ERROR: SQLSTATE[HY000] [1049] Unknown database 'laravel' (SQL: select * from `users` where `email` = dervanovicaisa@gmail.com limit 1) {"exception":"[object] (Illuminate\\Database\\QueryException(code: 1049): SQLSTATE[HY000] [1049] Unknown database 'laravel' (SQL: select * from `users` where `email` = dervanovicaisa@gmail.com limit 1) at C:\\Users\\derva\\Desktop\\movie-recommendation\\vendor\\laravel\\framework\\src\\Illuminate\\Database\\Connection.php:712)
[stacktrace]
#0 C:\\Users\\derva\\Desktop\\movie-recommendation\\vendor\\laravel\\framework\\src\\Illuminate\\Database\\Connection.php(672): Illuminate\\Database\\Connection->runQueryCallback('select * from `...', Array, Object(Closure))
#1 C:\\Users\\derva\\Desktop\\movie-recommendation\\vendor\\laravel\\framework\\src\\Illuminate\\Database\\Connection.php(359): Illuminate\\Database\\Connection->run('select * from `...', Array, Object(Closure))
#2 C:\\Users\\derva\\Desktop\\movie-recommendation\\vendor\\laravel\\framework\\src\\Illuminate\\Database\\Query\\Builder.php(2413): Illuminate\\Database\\Connection->select('select * from `...', Array, true)
#3 C:\\Users\\derva\\Desktop\\movie-recommendation\\vendor\\laravel\\framework\\src\\Illuminate\\Database\\Query\\Builder.php(2402): Illuminate\\Database\\Query\\Builder->runSelect()
#4 C:\\Users\\derva\\Desktop\\movie-recommendation\\vendor\\laravel\\framework\\src\\Illuminate\\Database\\Query\\Builder.php(2936): Illuminate\\Database\\Query\\Builder->{closure:Illuminate\\Database\\Query\\Builder::get():2401}()
#5 C:\\Users\\derva\\Desktop\\movie-recommendation\\vendor\\laravel\\framework\\src\\Illuminate\\Database\\Query\\Builder.php(2401): Illuminate\\Database\\Query\\Builder->onceWithColumns(Array, Object(Closure))
#6 C:\\Users\\derva\\Desktop\\movie-recommendation\\vendor\\laravel\\framework\\src\\Illuminate\\Database\\Eloquent\\Builder.php(625): Illuminate\\Database\\Query\\Builder->get(Array)
#7 C:\\Users\\derva\\Desktop\\movie-recommendation\\vendor\\laravel\\framework\\src\\Illuminate\\Database\\Eloquent\\Builder.php(609): Illuminate\\Database\\Eloquent\\Builder->getModels(Array)
#8 C:\\Users\\derva\\Desktop\\movie-recommendation\\vendor\\laravel\\framework\\src\\Illuminate\\Database\\Concerns\\BuildsQueries.php(294): Illuminate\\Database\\Eloquent\\Builder->get(Array)
#9 C:\\Users\\derva\\Desktop\\movie-recommendation\\vendor\\laravel\\framework\\src\\Illuminate\\Auth\\EloquentUserProvider.php(133): Illuminate\\Database\\Eloquent\\Builder->first()
#10 C:\\Users\\derva\\Desktop\\movie-recommendation\\vendor\\laravel\\framework\\src\\Illuminate\\Auth\\SessionGuard.php(377): Illuminate\\Auth\\EloquentUserProvider->retrieveByCredentials(Array)
#11 C:\\Users\\derva\\Desktop\\movie-recommendation\\vendor\\laravel\\framework\\src\\Illuminate\\Auth\\AuthManager.php(340): Illuminate\\Auth\\SessionGuard->attempt(Array)
#12 C:\\Users\\derva\\Desktop\\movie-recommendation\\vendor\\laravel\\framework\\src\\Illuminate\\Support\\Facades\\Facade.php(261): Illuminate\\Auth\\AuthManager->__call('attempt', Array)
#13 C:\\Users\\derva\\Desktop\\movie-recommendation\\app\\Http\\Controllers\\AuthController.php(19): Illuminate\\Support\\Facades\\Facade::__callStatic('attempt', Array)
#14 C:\\Users\\derva\\Desktop\\movie-recommendation\\vendor\\laravel\\framework\\src\\Illuminate\\Routing\\Controller.php(54): App\\Http\\Controllers\\AuthController->login(Object(Illuminate\\Http\\Request))
#15 C:\\Users\\derva\\Desktop\\movie-recommendation\\vendor\\laravel\\framework\\src\\Illuminate\\Routing\\ControllerDispatcher.php(45): Illuminate\\Routing\\Controller->callAction('login', Array)
#16 C:\\Users\\derva\\Desktop\\movie-recommendation\\vendor\\laravel\\framework\\src\\Illuminate\\Routing\\Route.php(261): Illuminate\\Routing\\ControllerDispatcher->dispatch(Object(Illuminate\\Routing\\Route), Object(App\\Http\\Controllers\\AuthController), 'login')
#17 C:\\Users\\derva\\Desktop\\movie-recommendation\\vendor\\laravel\\framework\\src\\Illuminate\\Routing\\Route.php(205): Illuminate\\Routing\\Route->runController()
#18 C:\\Users\\derva\\Desktop\\movie-recommendation\\vendor\\laravel\\framework\\src\\Illuminate\\Routing\\Router.php(721): Illuminate\\Routing\\Route->run()
#19 C:\\Users\\derva\\Desktop\\movie-recommendation\\vendor\\laravel\\framework\\src\\Illuminate\\Pipeline\\Pipeline.php(128): Illuminate\\Routing\\Router->{closure:Illuminate\\Routing\\Router::runRouteWithinStack():719}(Object(Illuminate\\Http\\Request))
#20 C:\\Users\\derva\\Desktop\\movie-recommendation\\vendor\\laravel\\framework\\src\\Illuminate\\Routing\\Middleware\\SubstituteBindings.php(50): Illuminate\\Pipeline\\Pipeline->{closure:Illuminate\\Pipeline\\Pipeline::prepareDestination():126}(Object(Illuminate\\Http\\Request))
#21 C:\\Users\\derva\\Desktop\\movie-recommendation\\vendor\\laravel\\framework\\src\\Illuminate\\Pipeline\\Pipeline.php(167): Illuminate\\Routing\\Middleware\\SubstituteBindings->handle(Object(Illuminate\\Http\\Request), Object(Closure))
#22 C:\\Users\\derva\\Desktop\\movie-recommendation\\vendor\\laravel\\framework\\src\\Illuminate\\Routing\\Middleware\\ThrottleRequests.php(127): Illuminate\\Pipeline\\Pipeline->{closure:{closure:Illuminate\\Pipeline\\Pipeline::carry():142}:143}(Object(Illuminate\\Http\\Request))
#23 C:\\Users\\derva\\Desktop\\movie-recommendation\\vendor\\laravel\\framework\\src\\Illuminate\\Routing\\Middleware\\ThrottleRequests.php(93): Illuminate\\Routing\\Middleware\\ThrottleRequests->handleRequest(Object(Illuminate\\Http\\Request), Object(Closure), Array)
#24 C:\\Users\\derva\\Desktop\\movie-recommendation\\vendor\\laravel\\framework\\src\\Illuminate\\Routing\\Middleware\\ThrottleRequests.php(55): Illuminate\\Routing\\Middleware\\ThrottleRequests->handleRequestUsingNamedLimiter(Object(Illuminate\\Http\\Request), Object(Closure), 'api', Object(Closure))
#25 C:\\Users\\derva\\Desktop\\movie-recommendation\\vendor\\laravel\\framework\\src\\Illuminate\\Pipeline\\Pipeline.php(167): Illuminate\\Routing\\Middleware\\ThrottleRequests->handle(Object(Illuminate\\Http\\Request), Object(Closure), 'api')
#26 C:\\Users\\derva\\Desktop\\movie-recommendation\\vendor\\laravel\\framework\\src\\Illuminate\\Pipeline\\Pipeline.php(103): Illuminate\\Pipeline\\Pipeline->{closure:{closure:Illuminate\\Pipeline\\Pipeline::carry():142}:143}(Object(Illuminate\\Http\\Request))
#27 C:\\Users\\derva\\Desktop\\movie-recommendation\\vendor\\laravel\\framework\\src\\Illuminate\\Routing\\Router.php(719): Illuminate\\Pipeline\\Pipeline->then(Object(Closure))
#28 C:\\Users\\derva\\Desktop\\movie-recommendation\\vendor\\laravel\\framework\\src\\Illuminate\\Routing\\Router.php(698): Illuminate\\Routing\\Router->runRouteWithinStack(Object(Illuminate\\Routing\\Route), Object(Illuminate\\Http\\Request))
#29 C:\\Users\\derva\\Desktop\\movie-recommendation\\vendor\\laravel\\framework\\src\\Illuminate\\Routing\\Router.php(662): Illuminate\\Routing\\Router->runRoute(Object(Illuminate\\Http\\Request), Object(Illuminate\\Routing\\Route))
#30 C:\\Users\\derva\\Desktop\\movie-recommendation\\vendor\\laravel\\framework\\src\\Illuminate\\Routing\\Router.php(651): Illuminate\\Routing\\Router->dispatchToRoute(Object(Illuminate\\Http\\Request))
#31 C:\\Users\\derva\\Desktop\\movie-recommendation\\vendor\\laravel\\framework\\src\\Illuminate\\Foundation\\Http\\Kernel.php(167): Illuminate\\Routing\\Router->dispatch(Object(Illuminate\\Http\\Request))
#32 C:\\Users\\derva\\Desktop\\movie-recommendation\\vendor\\laravel\\framework\\src\\Illuminate\\Pipeline\\Pipeline.php(128): Illuminate\\Foundation\\Http\\Kernel->{closure:Illuminate\\Foundation\\Http\\Kernel::dispatchToRouter():164}(Object(Illuminate\\Http\\Request))
#33 C:\\Users\\derva\\Desktop\\movie-recommendation\\vendor\\laravel\\framework\\src\\Illuminate\\Foundation\\Http\\Middleware\\TransformsRequest.php(21): Illuminate\\Pipeline\\Pipeline->{closure:Illuminate\\Pipeline\\Pipeline::prepareDestination():126}(Object(Illuminate\\Http\\Request))
#34 C:\\Users\\derva\\Desktop\\movie-recommendation\\vendor\\laravel\\framework\\src\\Illuminate\\Foundation\\Http\\Middleware\\ConvertEmptyStringsToNull.php(31): Illuminate\\Foundation\\Http\\Middleware\\TransformsRequest->handle(Object(Illuminate\\Http\\Request), Object(Closure))
#35 C:\\Users\\derva\\Desktop\\movie-recommendation\\vendor\\laravel\\framework\\src\\Illuminate\\Pipeline\\Pipeline.php(167): Illuminate\\Foundation\\Http\\Middleware\\ConvertEmptyStringsToNull->handle(Object(Illuminate\\Http\\Request), Object(Closure))
#36 C:\\Users\\derva\\Desktop\\movie-recommendation\\vendor\\laravel\\framework\\src\\Illuminate\\Foundation\\Http\\Middleware\\TransformsRequest.php(21): Illuminate\\Pipeline\\Pipeline->{closure:{closure:Illuminate\\Pipeline\\Pipeline::carry():142}:143}(Object(Illuminate\\Http\\Request))
#37 C:\\Users\\derva\\Desktop\\movie-recommendation\\vendor\\laravel\\framework\\src\\Illuminate\\Foundation\\Http\\Middleware\\TrimStrings.php(40): Illuminate\\Foundation\\Http\\Middleware\\TransformsRequest->handle(Object(Illuminate\\Http\\Request), Object(Closure))
#38 C:\\Users\\derva\\Desktop\\movie-recommendation\\vendor\\laravel\\framework\\src\\Illuminate\\Pipeline\\Pipeline.php(167): Illuminate\\Foundation\\Http\\Middleware\\TrimStrings->handle(Object(Illuminate\\Http\\Request), Object(Closure))
#39 C:\\Users\\derva\\Desktop\\movie-recommendation\\vendor\\laravel\\framework\\src\\Illuminate\\Foundation\\Http\\Middleware\\ValidatePostSize.php(27): Illuminate\\Pipeline\\Pipeline->{closure:{closure:Illuminate\\Pipeline\\Pipeline::carry():142}:143}(Object(Illuminate\\Http\\Request))
#40 C:\\Users\\derva\\Desktop\\movie-recommendation\\vendor\\laravel\\framework\\src\\Illuminate\\Pipeline\\Pipeline.php(167): Illuminate\\Foundation\\Http\\Middleware\\ValidatePostSize->handle(Object(Illuminate\\Http\\Request), Object(Closure))
#41 C:\\Users\\derva\\Desktop\\movie-recommendation\\vendor\\laravel\\framework\\src\\Illuminate\\Foundation\\Http\\Middleware\\PreventRequestsDuringMaintenance.php(86): Illuminate\\Pipeline\\Pipeline->{closure:{closure:Illuminate\\Pipeline\\Pipeline::carry():142}:143}(Object(Illuminate\\Http\\Request))
#42 C:\\Users\\derva\\Desktop\\movie-recommendation\\vendor\\laravel\\framework\\src\\Illuminate\\Pipeline\\Pipeline.php(167): Illuminate\\Foundation\\Http\\Middleware\\PreventRequestsDuringMaintenance->handle(Object(Illuminate\\Http\\Request), Object(Closure))
#43 C:\\Users\\derva\\Desktop\\movie-recommendation\\vendor\\fruitcake\\laravel-cors\\src\\HandleCors.php(52): Illuminate\\Pipeline\\Pipeline->{closure:{closure:Illuminate\\Pipeline\\Pipeline::carry():142}:143}(Object(Illuminate\\Http\\Request))
#44 C:\\Users\\derva\\Desktop\\movie-recommendation\\vendor\\laravel\\framework\\src\\Illuminate\\Pipeline\\Pipeline.php(167): Fruitcake\\Cors\\HandleCors->handle(Object(Illuminate\\Http\\Request), Object(Closure))
#45 C:\\Users\\derva\\Desktop\\movie-recommendation\\vendor\\fideloper\\proxy\\src\\TrustProxies.php(57): Illuminate\\Pipeline\\Pipeline->{closure:{closure:Illuminate\\Pipeline\\Pipeline::carry():142}:143}(Object(Illuminate\\Http\\Request))
#46 C:\\Users\\derva\\Desktop\\movie-recommendation\\vendor\\laravel\\framework\\src\\Illuminate\\Pipeline\\Pipeline.php(167): Fideloper\\Proxy\\TrustProxies->handle(Object(Illuminate\\Http\\Request), Object(Closure))
#47 C:\\Users\\derva\\Desktop\\movie-recommendation\\vendor\\laravel\\framework\\src\\Illuminate\\Pipeline\\Pipeline.php(103): Illuminate\\Pipeline\\Pipeline->{closure:{closure:Illuminate\\Pipeline\\Pipeline::carry():142}:143}(Object(Illuminate\\Http\\Request))
#48 C:\\Users\\derva\\Desktop\\movie-recommendation\\vendor\\laravel\\framework\\src\\Illuminate\\Foundation\\Http\\Kernel.php(142): Illuminate\\Pipeline\\Pipeline->then(Object(Closure))
#49 C:\\Users\\derva\\Desktop\\movie-recommendation\\vendor\\laravel\\framework\\src\\Illuminate\\Foundation\\Http\\Kernel.php(111): Illuminate\\Foundation\\Http\\Kernel->sendRequestThroughRouter(Object(Illuminate\\Http\\Request))
#50 C:\\Users\\derva\\Desktop\\movie-recommendation\\public\\index.php(51): Illuminate\\Foundation\\Http\\Kernel->handle(Object(Illuminate\\Http\\Request))
#51 C:\\Users\\derva\\Desktop\\movie-recommendation\\server.php(21): require_once('C:\\\\Users\\\\derva\\\\...')
#52 {main}

[previous exception] [object] (PDOException(code: 1049): SQLSTATE[HY000] [1049] Unknown database 'laravel' at C:\\Users\\derva\\Desktop\\movie-recommendation\\vendor\\laravel\\framework\\src\\Illuminate\\Database\\Connectors\\Connector.php:70)
[stacktrace]
#0 C:\\Users\\derva\\Desktop\\movie-recommendation\\vendor\\laravel\\framework\\src\\Illuminate\\Database\\Connectors\\Connector.php(70): PDO->__construct('mysql:host=127....', 'root', Object(SensitiveParameterValue), Array)
#1 C:\\Users\\derva\\Desktop\\movie-recommendation\\vendor\\laravel\\framework\\src\\Illuminate\\Database\\Connectors\\Connector.php(45): Illuminate\\Database\\Connectors\\Connector->createPdoConnection('mysql:host=127....', 'root', '', Array)
#2 C:\\Users\\derva\\Desktop\\movie-recommendation\\vendor\\laravel\\framework\\src\\Illuminate\\Database\\Connectors\\MySqlConnector.php(24): Illuminate\\Database\\Connectors\\Connector->createConnection('mysql:host=127....', Array, Array)
#3 C:\\Users\\derva\\Desktop\\movie-recommendation\\vendor\\laravel\\framework\\src\\Illuminate\\Database\\Connectors\\ConnectionFactory.php(184): Illuminate\\Database\\Connectors\\MySqlConnector->connect(Array)
#4 [internal function]: Illuminate\\Database\\Connectors\\ConnectionFactory->{closure:Illuminate\\Database\\Connectors\\ConnectionFactory::createPdoResolverWithHosts():179}()
#5 C:\\Users\\derva\\Desktop\\movie-recommendation\\vendor\\laravel\\framework\\src\\Illuminate\\Database\\Connection.php(1064): call_user_func(Object(Closure))
#6 C:\\Users\\derva\\Desktop\\movie-recommendation\\vendor\\laravel\\framework\\src\\Illuminate\\Database\\Connection.php(1100): Illuminate\\Database\\Connection->getPdo()
#7 C:\\Users\\derva\\Desktop\\movie-recommendation\\vendor\\laravel\\framework\\src\\Illuminate\\Database\\Connection.php(442): Illuminate\\Database\\Connection->getReadPdo()
#8 C:\\Users\\derva\\Desktop\\movie-recommendation\\vendor\\laravel\\framework\\src\\Illuminate\\Database\\Connection.php(368): Illuminate\\Database\\Connection->getPdoForSelect(true)
#9 C:\\Users\\derva\\Desktop\\movie-recommendation\\vendor\\laravel\\framework\\src\\Illuminate\\Database\\Connection.php(705): Illuminate\\Database\\Connection->{closure:Illuminate\\Database\\Connection::select():359}('select * from `...', Array)
#10 C:\\Users\\derva\\Desktop\\movie-recommendation\\vendor\\laravel\\framework\\src\\Illuminate\\Database\\Connection.php(672): Illuminate\\Database\\Connection->runQueryCallback('select * from `...', Array, Object(Closure))
#11 C:\\Users\\derva\\Desktop\\movie-recommendation\\vendor\\laravel\\framework\\src\\Illuminate\\Database\\Connection.php(359): Illuminate\\Database\\Connection->run('select * from `...', Array, Object(Closure))
#12 C:\\Users\\derva\\Desktop\\movie-recommendation\\vendor\\laravel\\framework\\src\\Illuminate\\Database\\Query\\Builder.php(2413): Illuminate\\Database\\Connection->select('select * from `...', Array, true)
#13 C:\\Users\\derva\\Desktop\\movie-recommendation\\vendor\\laravel\\framework\\src\\Illuminate\\Database\\Query\\Builder.php(2402): Illuminate\\Database\\Query\\Builder->runSelect()
#14 C:\\Users\\derva\\Desktop\\movie-recommendation\\vendor\\laravel\\framework\\src\\Illuminate\\Database\\Query\\Builder.php(2936): Illuminate\\Database\\Query\\Builder->{closure:Illuminate\\Database\\Query\\Builder::get():2401}()
#15 C:\\Users\\derva\\Desktop\\movie-recommendation\\vendor\\laravel\\framework\\src\\Illuminate\\Database\\Query\\Builder.php(2401): Illuminate\\Database\\Query\\Builder->onceWithColumns(Array, Object(Closure))
#16 C:\\Users\\derva\\Desktop\\movie-recommendation\\vendor\\laravel\\framework\\src\\Illuminate\\Database\\Eloquent\\Builder.php(625): Illuminate\\Database\\Query\\Builder->get(Array)
#17 C:\\Users\\derva\\Desktop\\movie-recommendation\\vendor\\laravel\\framework\\src\\Illuminate\\Database\\Eloquent\\Builder.php(609): Illuminate\\Database\\Eloquent\\Builder->getModels(Array)
#18 C:\\Users\\derva\\Desktop\\movie-recommendation\\vendor\\laravel\\framework\\src\\Illuminate\\Database\\Concerns\\BuildsQueries.php(294): Illuminate\\Database\\Eloquent\\Builder->get(Array)
#19 C:\\Users\\derva\\Desktop\\movie-recommendation\\vendor\\laravel\\framework\\src\\Illuminate\\Auth\\EloquentUserProvider.php(133): Illuminate\\Database\\Eloquent\\Builder->first()
#20 C:\\Users\\derva\\Desktop\\movie-recommendation\\vendor\\laravel\\framework\\src\\Illuminate\\Auth\\SessionGuard.php(377): Illuminate\\Auth\\EloquentUserProvider->retrieveByCredentials(Array)
#21 C:\\Users\\derva\\Desktop\\movie-recommendation\\vendor\\laravel\\framework\\src\\Illuminate\\Auth\\AuthManager.php(340): Illuminate\\Auth\\SessionGuard->attempt(Array)
#22 C:\\Users\\derva\\Desktop\\movie-recommendation\\vendor\\laravel\\framework\\src\\Illuminate\\Support\\Facades\\Facade.php(261): Illuminate\\Auth\\AuthManager->__call('attempt', Array)
#23 C:\\Users\\derva\\Desktop\\movie-recommendation\\app\\Http\\Controllers\\AuthController.php(19): Illuminate\\Support\\Facades\\Facade::__callStatic('attempt', Array)
#24 C:\\Users\\derva\\Desktop\\movie-recommendation\\vendor\\laravel\\framework\\src\\Illuminate\\Routing\\Controller.php(54): App\\Http\\Controllers\\AuthController->login(Object(Illuminate\\Http\\Request))
#25 C:\\Users\\derva\\Desktop\\movie-recommendation\\vendor\\laravel\\framework\\src\\Illuminate\\Routing\\ControllerDispatcher.php(45): Illuminate\\Routing\\Controller->callAction('login', Array)
#26 C:\\Users\\derva\\Desktop\\movie-recommendation\\vendor\\laravel\\framework\\src\\Illuminate\\Routing\\Route.php(261): Illuminate\\Routing\\ControllerDispatcher->dispatch(Object(Illuminate\\Routing\\Route), Object(App\\Http\\Controllers\\AuthController), 'login')
#27 C:\\Users\\derva\\Desktop\\movie-recommendation\\vendor\\laravel\\framework\\src\\Illuminate\\Routing\\Route.php(205): Illuminate\\Routing\\Route->runController()
#28 C:\\Users\\derva\\Desktop\\movie-recommendation\\vendor\\laravel\\framework\\src\\Illuminate\\Routing\\Router.php(721): Illuminate\\Routing\\Route->run()
#29 C:\\Users\\derva\\Desktop\\movie-recommendation\\vendor\\laravel\\framework\\src\\Illuminate\\Pipeline\\Pipeline.php(128): Illuminate\\Routing\\Router->{closure:Illuminate\\Routing\\Router::runRouteWithinStack():719}(Object(Illuminate\\Http\\Request))
#30 C:\\Users\\derva\\Desktop\\movie-recommendation\\vendor\\laravel\\framework\\src\\Illuminate\\Routing\\Middleware\\SubstituteBindings.php(50): Illuminate\\Pipeline\\Pipeline->{closure:Illuminate\\Pipeline\\Pipeline::prepareDestination():126}(Object(Illuminate\\Http\\Request))
#31 C:\\Users\\derva\\Desktop\\movie-recommendation\\vendor\\laravel\\framework\\src\\Illuminate\\Pipeline\\Pipeline.php(167): Illuminate\\Routing\\Middleware\\SubstituteBindings->handle(Object(Illuminate\\Http\\Request), Object(Closure))
#32 C:\\Users\\derva\\Desktop\\movie-recommendation\\vendor\\laravel\\framework\\src\\Illuminate\\Routing\\Middleware\\ThrottleRequests.php(127): Illuminate\\Pipeline\\Pipeline->{closure:{closure:Illuminate\\Pipeline\\Pipeline::carry():142}:143}(Object(Illuminate\\Http\\Request))
#33 C:\\Users\\derva\\Desktop\\movie-recommendation\\vendor\\laravel\\framework\\src\\Illuminate\\Routing\\Middleware\\ThrottleRequests.php(93): Illuminate\\Routing\\Middleware\\ThrottleRequests->handleRequest(Object(Illuminate\\Http\\Request), Object(Closure), Array)
#34 C:\\Users\\derva\\Desktop\\movie-recommendation\\vendor\\laravel\\framework\\src\\Illuminate\\Routing\\Middleware\\ThrottleRequests.php(55): Illuminate\\Routing\\Middleware\\ThrottleRequests->handleRequestUsingNamedLimiter(Object(Illuminate\\Http\\Request), Object(Closure), 'api', Object(Closure))
#35 C:\\Users\\derva\\Desktop\\movie-recommendation\\vendor\\laravel\\framework\\src\\Illuminate\\Pipeline\\Pipeline.php(167): Illuminate\\Routing\\Middleware\\ThrottleRequests->handle(Object(Illuminate\\Http\\Request), Object(Closure), 'api')
#36 C:\\Users\\derva\\Desktop\\movie-recommendation\\vendor\\laravel\\framework\\src\\Illuminate\\Pipeline\\Pipeline.php(103): Illuminate\\Pipeline\\Pipeline->{closure:{closure:Illuminate\\Pipeline\\Pipeline::carry():142}:143}(Object(Illuminate\\Http\\Request))
#37 C:\\Users\\derva\\Desktop\\movie-recommendation\\vendor\\laravel\\framework\\src\\Illuminate\\Routing\\Router.php(719): Illuminate\\Pipeline\\Pipeline->then(Object(Closure))
#38 C:\\Users\\derva\\Desktop\\movie-recommendation\\vendor\\laravel\\framework\\src\\Illuminate\\Routing\\Router.php(698): Illuminate\\Routing\\Router->runRouteWithinStack(Object(Illuminate\\Routing\\Route), Object(Illuminate\\Http\\Request))
#39 C:\\Users\\derva\\Desktop\\movie-recommendation\\vendor\\laravel\\framework\\src\\Illuminate\\Routing\\Router.php(662): Illuminate\\Routing\\Router->runRoute(Object(Illuminate\\Http\\Request), Object(Illuminate\\Routing\\Route))
#40 C:\\Users\\derva\\Desktop\\movie-recommendation\\vendor\\laravel\\framework\\src\\Illuminate\\Routing\\Router.php(651): Illuminate\\Routing\\Router->dispatchToRoute(Object(Illuminate\\Http\\Request))
#41 C:\\Users\\derva\\Desktop\\movie-recommendation\\vendor\\laravel\\framework\\src\\Illuminate\\Foundation\\Http\\Kernel.php(167): Illuminate\\Routing\\Router->dispatch(Object(Illuminate\\Http\\Request))
#42 C:\\Users\\derva\\Desktop\\movie-recommendation\\vendor\\laravel\\framework\\src\\Illuminate\\Pipeline\\Pipeline.php(128): Illuminate\\Foundation\\Http\\Kernel->{closure:Illuminate\\Foundation\\Http\\Kernel::dispatchToRouter():164}(Object(Illuminate\\Http\\Request))
#43 C:\\Users\\derva\\Desktop\\movie-recommendation\\vendor\\laravel\\framework\\src\\Illuminate\\Foundation\\Http\\Middleware\\TransformsRequest.php(21): Illuminate\\Pipeline\\Pipeline->{closure:Illuminate\\Pipeline\\Pipeline::prepareDestination():126}(Object(Illuminate\\Http\\Request))
#44 C:\\Users\\derva\\Desktop\\movie-recommendation\\vendor\\laravel\\framework\\src\\Illuminate\\Foundation\\Http\\Middleware\\ConvertEmptyStringsToNull.php(31): Illuminate\\Foundation\\Http\\Middleware\\TransformsRequest->handle(Object(Illuminate\\Http\\Request), Object(Closure))
#45 C:\\Users\\derva\\Desktop\\movie-recommendation\\vendor\\laravel\\framework\\src\\Illuminate\\Pipeline\\Pipeline.php(167): Illuminate\\Foundation\\Http\\Middleware\\ConvertEmptyStringsToNull->handle(Object(Illuminate\\Http\\Request), Object(Closure))
#46 C:\\Users\\derva\\Desktop\\movie-recommendation\\vendor\\laravel\\framework\\src\\Illuminate\\Foundation\\Http\\Middleware\\TransformsRequest.php(21): Illuminate\\Pipeline\\Pipeline->{closure:{closure:Illuminate\\Pipeline\\Pipeline::carry():142}:143}(Object(Illuminate\\Http\\Request))
#47 C:\\Users\\derva\\Desktop\\movie-recommendation\\vendor\\laravel\\framework\\src\\Illuminate\\Foundation\\Http\\Middleware\\TrimStrings.php(40): Illuminate\\Foundation\\Http\\Middleware\\TransformsRequest->handle(Object(Illuminate\\Http\\Request), Object(Closure))
#48 C:\\Users\\derva\\Desktop\\movie-recommendation\\vendor\\laravel\\framework\\src\\Illuminate\\Pipeline\\Pipeline.php(167): Illuminate\\Foundation\\Http\\Middleware\\TrimStrings->handle(Object(Illuminate\\Http\\Request), Object(Closure))
#49 C:\\Users\\derva\\Desktop\\movie-recommendation\\vendor\\laravel\\framework\\src\\Illuminate\\Foundation\\Http\\Middleware\\ValidatePostSize.php(27): Illuminate\\Pipeline\\Pipeline->{closure:{closure:Illuminate\\Pipeline\\Pipeline::carry():142}:143}(Object(Illuminate\\Http\\Request))
#50 C:\\Users\\derva\\Desktop\\movie-recommendation\\vendor\\laravel\\framework\\src\\Illuminate\\Pipeline\\Pipeline.php(167): Illuminate\\Foundation\\Http\\Middleware\\ValidatePostSize->handle(Object(Illuminate\\Http\\Request), Object(Closure))
#51 C:\\Users\\derva\\Desktop\\movie-recommendation\\vendor\\laravel\\framework\\src\\Illuminate\\Foundation\\Http\\Middleware\\PreventRequestsDuringMaintenance.php(86): Illuminate\\Pipeline\\Pipeline->{closure:{closure:Illuminate\\Pipeline\\Pipeline::carry():142}:143}(Object(Illuminate\\Http\\Request))
#52 C:\\Users\\derva\\Desktop\\movie-recommendation\\vendor\\laravel\\framework\\src\\Illuminate\\Pipeline\\Pipeline.php(167): Illuminate\\Foundation\\Http\\Middleware\\PreventRequestsDuringMaintenance->handle(Object(Illuminate\\Http\\Request), Object(Closure))
#53 C:\\Users\\derva\\Desktop\\movie-recommendation\\vendor\\fruitcake\\laravel-cors\\src\\HandleCors.php(52): Illuminate\\Pipeline\\Pipeline->{closure:{closure:Illuminate\\Pipeline\\Pipeline::carry():142}:143}(Object(Illuminate\\Http\\Request))
#54 C:\\Users\\derva\\Desktop\\movie-recommendation\\vendor\\laravel\\framework\\src\\Illuminate\\Pipeline\\Pipeline.php(167): Fruitcake\\Cors\\HandleCors->handle(Object(Illuminate\\Http\\Request), Object(Closure))
#55 C:\\Users\\derva\\Desktop\\movie-recommendation\\vendor\\fideloper\\proxy\\src\\TrustProxies.php(57): Illuminate\\Pipeline\\Pipeline->{closure:{closure:Illuminate\\Pipeline\\Pipeline::carry():142}:143}(Object(Illuminate\\Http\\Request))
#56 C:\\Users\\derva\\Desktop\\movie-recommendation\\vendor\\laravel\\framework\\src\\Illuminate\\Pipeline\\Pipeline.php(167): Fideloper\\Proxy\\TrustProxies->handle(Object(Illuminate\\Http\\Request), Object(Closure))
#57 C:\\Users\\derva\\Desktop\\movie-recommendation\\vendor\\laravel\\framework\\src\\Illuminate\\Pipeline\\Pipeline.php(103): Illuminate\\Pipeline\\Pipeline->{closure:{closure:Illuminate\\Pipeline\\Pipeline::carry():142}:143}(Object(Illuminate\\Http\\Request))
#58 C:\\Users\\derva\\Desktop\\movie-recommendation\\vendor\\laravel\\framework\\src\\Illuminate\\Foundation\\Http\\Kernel.php(142): Illuminate\\Pipeline\\Pipeline->then(Object(Closure))
#59 C:\\Users\\derva\\Desktop\\movie-recommendation\\vendor\\laravel\\framework\\src\\Illuminate\\Foundation\\Http\\Kernel.php(111): Illuminate\\Foundation\\Http\\Kernel->sendRequestThroughRouter(Object(Illuminate\\Http\\Request))
#60 C:\\Users\\derva\\Desktop\\movie-recommendation\\public\\index.php(51): Illuminate\\Foundation\\Http\\Kernel->handle(Object(Illuminate\\Http\\Request))
#61 C:\\Users\\derva\\Desktop\\movie-recommendation\\server.php(21): require_once('C:\\\\Users\\\\derva\\\\...')
#62 {main}
"} 
[2026-03-29 10:38:45] local.ERROR: SQLSTATE[HY000] [1049] Unknown database 'laravel' (SQL: select count(*) as aggregate from `users` where `email` = dervanovicaisa@gmail.com) {"exception":"[object] (Illuminate\\Database\\QueryException(code: 1049): SQLSTATE[HY000] [1049] Unknown database 'laravel' (SQL: select count(*) as aggregate from `users` where `email` = dervanovicaisa@gmail.com) at C:\\Users\\derva\\Desktop\\movie-recommendation\\vendor\\laravel\\framework\\src\\Illuminate\\Database\\Connection.php:712)
[stacktrace]
#0 C:\\Users\\derva\\Desktop\\movie-recommendation\\vendor\\laravel\\framework\\src\\Illuminate\\Database\\Connection.php(672): Illuminate\\Database\\Connection->runQueryCallback('select count(*)...', Array, Object(Closure))
#1 C:\\Users\\derva\\Desktop\\movie-recommendation\\vendor\\laravel\\framework\\src\\Illuminate\\Database\\Connection.php(359): Illuminate\\Database\\Connection->run('select count(*)...', Array, Object(Closure))
#2 C:\\Users\\derva\\Desktop\\movie-recommendation\\vendor\\laravel\\framework\\src\\Illuminate\\Database\\Query\\Builder.php(2413): Illuminate\\Database\\Connection->select('select count(*)...', Array, false)
#3 C:\\Users\\derva\\Desktop\\movie-recommendation\\vendor\\laravel\\framework\\src\\Illuminate\\Database\\Query\\Builder.php(2402): Illuminate\\Database\\Query\\Builder->runSelect()
#4 C:\\Users\\derva\\Desktop\\movie-recommendation\\vendor\\laravel\\framework\\src\\Illuminate\\Database\\Query\\Builder.php(2936): Illuminate\\Database\\Query\\Builder->{closure:Illuminate\\Database\\Query\\Builder::get():2401}()
#5 C:\\Users\\derva\\Desktop\\movie-recommendation\\vendor\\laravel\\framework\\src\\Illuminate\\Database\\Query\\Builder.php(2401): Illuminate\\Database\\Query\\Builder->onceWithColumns(Array, Object(Closure))
#6 C:\\Users\\derva\\Desktop\\movie-recommendation\\vendor\\laravel\\framework\\src\\Illuminate\\Database\\Query\\Builder.php(2863): Illuminate\\Database\\Query\\Builder->get(Array)
#7 C:\\Users\\derva\\Desktop\\movie-recommendation\\vendor\\laravel\\framework\\src\\Illuminate\\Database\\Query\\Builder.php(2791): Illuminate\\Database\\Query\\Builder->aggregate('count', Array)
#8 C:\\Users\\derva\\Desktop\\movie-recommendation\\vendor\\laravel\\framework\\src\\Illuminate\\Validation\\DatabasePresenceVerifier.php(55): Illuminate\\Database\\Query\\Builder->count()
#9 C:\\Users\\derva\\Desktop\\movie-recommendation\\vendor\\laravel\\framework\\src\\Illuminate\\Validation\\Concerns\\ValidatesAttributes.php(855): Illuminate\\Validation\\DatabasePresenceVerifier->getCount('users', 'email', 'dervanovicaisa@...', NULL, NULL, Array)
#10 C:\\Users\\derva\\Desktop\\movie-recommendation\\vendor\\laravel\\framework\\src\\Illuminate\\Validation\\Validator.php(610): Illuminate\\Validation\\Validator->validateUnique('email', 'dervanovicaisa@...', Array, Object(Illuminate\\Validation\\Validator))
#11 C:\\Users\\derva\\Desktop\\movie-recommendation\\vendor\\laravel\\framework\\src\\Illuminate\\Validation\\Validator.php(416): Illuminate\\Validation\\Validator->validateAttribute('email', 'Unique')
#12 C:\\Users\\derva\\Desktop\\movie-recommendation\\vendor\\laravel\\framework\\src\\Illuminate\\Validation\\Validator.php(447): Illuminate\\Validation\\Validator->passes()
#13 C:\\Users\\derva\\Desktop\\movie-recommendation\\vendor\\laravel\\framework\\src\\Illuminate\\Validation\\Validator.php(489): Illuminate\\Validation\\Validator->fails()
#14 C:\\Users\\derva\\Desktop\\movie-recommendation\\vendor\\laravel\\framework\\src\\Illuminate\\Validation\\Factory.php(145): Illuminate\\Validation\\Validator->validate()
#15 C:\\Users\\derva\\Desktop\\movie-recommendation\\vendor\\laravel\\framework\\src\\Illuminate\\Foundation\\Providers\\FoundationServiceProvider.php(63): Illuminate\\Validation\\Factory->validate(Array, Array)
#16 C:\\Users\\derva\\Desktop\\movie-recommendation\\vendor\\laravel\\framework\\src\\Illuminate\\Macroable\\Traits\\Macroable.php(124): Illuminate\\Http\\Request->{closure:Illuminate\\Foundation\\Providers\\FoundationServiceProvider::registerRequestValidation():62}(Array)
#17 C:\\Users\\derva\\Desktop\\movie-recommendation\\app\\Http\\Controllers\\AuthController.php(34): Illuminate\\Http\\Request->__call('validate', Array)
#18 C:\\Users\\derva\\Desktop\\movie-recommendation\\vendor\\laravel\\framework\\src\\Illuminate\\Routing\\Controller.php(54): App\\Http\\Controllers\\AuthController->register(Object(Illuminate\\Http\\Request))
#19 C:\\Users\\derva\\Desktop\\movie-recommendation\\vendor\\laravel\\framework\\src\\Illuminate\\Routing\\ControllerDispatcher.php(45): Illuminate\\Routing\\Controller->callAction('register', Array)
#20 C:\\Users\\derva\\Desktop\\movie-recommendation\\vendor\\laravel\\framework\\src\\Illuminate\\Routing\\Route.php(261): Illuminate\\Routing\\ControllerDispatcher->dispatch(Object(Illuminate\\Routing\\Route), Object(App\\Http\\Controllers\\AuthController), 'register')
#21 C:\\Users\\derva\\Desktop\\movie-recommendation\\vendor\\laravel\\framework\\src\\Illuminate\\Routing\\Route.php(205): Illuminate\\Routing\\Route->runController()
#22 C:\\Users\\derva\\Desktop\\movie-recommendation\\vendor\\laravel\\framework\\src\\Illuminate\\Routing\\Router.php(721): Illuminate\\Routing\\Route->run()
#23 C:\\Users\\derva\\Desktop\\movie-recommendation\\vendor\\laravel\\framework\\src\\Illuminate\\Pipeline\\Pipeline.php(128): Illuminate\\Routing\\Router->{closure:Illuminate\\Routing\\Router::runRouteWithinStack():719}(Object(Illuminate\\Http\\Request))
#24 C:\\Users\\derva\\Desktop\\movie-recommendation\\vendor\\laravel\\framework\\src\\Illuminate\\Routing\\Middleware\\SubstituteBindings.php(50): Illuminate\\Pipeline\\Pipeline->{closure:Illuminate\\Pipeline\\Pipeline::prepareDestination():126}(Object(Illuminate\\Http\\Request))
#25 C:\\Users\\derva\\Desktop\\movie-recommendation\\vendor\\laravel\\framework\\src\\Illuminate\\Pipeline\\Pipeline.php(167): Illuminate\\Routing\\Middleware\\SubstituteBindings->handle(Object(Illuminate\\Http\\Request), Object(Closure))
#26 C:\\Users\\derva\\Desktop\\movie-recommendation\\vendor\\laravel\\framework\\src\\Illuminate\\Routing\\Middleware\\ThrottleRequests.php(127): Illuminate\\Pipeline\\Pipeline->{closure:{closure:Illuminate\\Pipeline\\Pipeline::carry():142}:143}(Object(Illuminate\\Http\\Request))
#27 C:\\Users\\derva\\Desktop\\movie-recommendation\\vendor\\laravel\\framework\\src\\Illuminate\\Routing\\Middleware\\ThrottleRequests.php(93): Illuminate\\Routing\\Middleware\\ThrottleRequests->handleRequest(Object(Illuminate\\Http\\Request), Object(Closure), Array)
#28 C:\\Users\\derva\\Desktop\\movie-recommendation\\vendor\\laravel\\framework\\src\\Illuminate\\Routing\\Middleware\\ThrottleRequests.php(55): Illuminate\\Routing\\Middleware\\ThrottleRequests->handleRequestUsingNamedLimiter(Object(Illuminate\\Http\\Request), Object(Closure), 'api', Object(Closure))
#29 C:\\Users\\derva\\Desktop\\movie-recommendation\\vendor\\laravel\\framework\\src\\Illuminate\\Pipeline\\Pipeline.php(167): Illuminate\\Routing\\Middleware\\ThrottleRequests->handle(Object(Illuminate\\Http\\Request), Object(Closure), 'api')
#30 C:\\Users\\derva\\Desktop\\movie-recommendation\\vendor\\laravel\\framework\\src\\Illuminate\\Pipeline\\Pipeline.php(103): Illuminate\\Pipeline\\Pipeline->{closure:{closure:Illuminate\\Pipeline\\Pipeline::carry():142}:143}(Object(Illuminate\\Http\\Request))
#31 C:\\Users\\derva\\Desktop\\movie-recommendation\\vendor\\laravel\\framework\\src\\Illuminate\\Routing\\Router.php(719): Illuminate\\Pipeline\\Pipeline->then(Object(Closure))
#32 C:\\Users\\derva\\Desktop\\movie-recommendation\\vendor\\laravel\\framework\\src\\Illuminate\\Routing\\Router.php(698): Illuminate\\Routing\\Router->runRouteWithinStack(Object(Illuminate\\Routing\\Route), Object(Illuminate\\Http\\Request))
#33 C:\\Users\\derva\\Desktop\\movie-recommendation\\vendor\\laravel\\framework\\src\\Illuminate\\Routing\\Router.php(662): Illuminate\\Routing\\Router->runRoute(Object(Illuminate\\Http\\Request), Object(Illuminate\\Routing\\Route))
#34 C:\\Users\\derva\\Desktop\\movie-recommendation\\vendor\\laravel\\framework\\src\\Illuminate\\Routing\\Router.php(651): Illuminate\\Routing\\Router->dispatchToRoute(Object(Illuminate\\Http\\Request))
#35 C:\\Users\\derva\\Desktop\\movie-recommendation\\vendor\\laravel\\framework\\src\\Illuminate\\Foundation\\Http\\Kernel.php(167): Illuminate\\Routing\\Router->dispatch(Object(Illuminate\\Http\\Request))
#36 C:\\Users\\derva\\Desktop\\movie-recommendation\\vendor\\laravel\\framework\\src\\Illuminate\\Pipeline\\Pipeline.php(128): Illuminate\\Foundation\\Http\\Kernel->{closure:Illuminate\\Foundation\\Http\\Kernel::dispatchToRouter():164}(Object(Illuminate\\Http\\Request))
#37 C:\\Users\\derva\\Desktop\\movie-recommendation\\vendor\\laravel\\framework\\src\\Illuminate\\Foundation\\Http\\Middleware\\TransformsRequest.php(21): Illuminate\\Pipeline\\Pipeline->{closure:Illuminate\\Pipeline\\Pipeline::prepareDestination():126}(Object(Illuminate\\Http\\Request))
#38 C:\\Users\\derva\\Desktop\\movie-recommendation\\vendor\\laravel\\framework\\src\\Illuminate\\Foundation\\Http\\Middleware\\ConvertEmptyStringsToNull.php(31): Illuminate\\Foundation\\Http\\Middleware\\TransformsRequest->handle(Object(Illuminate\\Http\\Request), Object(Closure))
#39 C:\\Users\\derva\\Desktop\\movie-recommendation\\vendor\\laravel\\framework\\src\\Illuminate\\Pipeline\\Pipeline.php(167): Illuminate\\Foundation\\Http\\Middleware\\ConvertEmptyStringsToNull->handle(Object(Illuminate\\Http\\Request), Object(Closure))
#40 C:\\Users\\derva\\Desktop\\movie-recommendation\\vendor\\laravel\\framework\\src\\Illuminate\\Foundation\\Http\\Middleware\\TransformsRequest.php(21): Illuminate\\Pipeline\\Pipeline->{closure:{closure:Illuminate\\Pipeline\\Pipeline::carry():142}:143}(Object(Illuminate\\Http\\Request))
#41 C:\\Users\\derva\\Desktop\\movie-recommendation\\vendor\\laravel\\framework\\src\\Illuminate\\Foundation\\Http\\Middleware\\TrimStrings.php(40): Illuminate\\Foundation\\Http\\Middleware\\TransformsRequest->handle(Object(Illuminate\\Http\\Request), Object(Closure))
#42 C:\\Users\\derva\\Desktop\\movie-recommendation\\vendor\\laravel\\framework\\src\\Illuminate\\Pipeline\\Pipeline.php(167): Illuminate\\Foundation\\Http\\Middleware\\TrimStrings->handle(Object(Illuminate\\Http\\Request), Object(Closure))
#43 C:\\Users\\derva\\Desktop\\movie-recommendation\\vendor\\laravel\\framework\\src\\Illuminate\\Foundation\\Http\\Middleware\\ValidatePostSize.php(27): Illuminate\\Pipeline\\Pipeline->{closure:{closure:Illuminate\\Pipeline\\Pipeline::carry():142}:143}(Object(Illuminate\\Http\\Request))
#44 C:\\Users\\derva\\Desktop\\movie-recommendation\\vendor\\laravel\\framework\\src\\Illuminate\\Pipeline\\Pipeline.php(167): Illuminate\\Foundation\\Http\\Middleware\\ValidatePostSize->handle(Object(Illuminate\\Http\\Request), Object(Closure))
#45 C:\\Users\\derva\\Desktop\\movie-recommendation\\vendor\\laravel\\framework\\src\\Illuminate\\Foundation\\Http\\Middleware\\PreventRequestsDuringMaintenance.php(86): Illuminate\\Pipeline\\Pipeline->{closure:{closure:Illuminate\\Pipeline\\Pipeline::carry():142}:143}(Object(Illuminate\\Http\\Request))
#46 C:\\Users\\derva\\Desktop\\movie-recommendation\\vendor\\laravel\\framework\\src\\Illuminate\\Pipeline\\Pipeline.php(167): Illuminate\\Foundation\\Http\\Middleware\\PreventRequestsDuringMaintenance->handle(Object(Illuminate\\Http\\Request), Object(Closure))
#47 C:\\Users\\derva\\Desktop\\movie-recommendation\\vendor\\fruitcake\\laravel-cors\\src\\HandleCors.php(52): Illuminate\\Pipeline\\Pipeline->{closure:{closure:Illuminate\\Pipeline\\Pipeline::carry():142}:143}(Object(Illuminate\\Http\\Request))
#48 C:\\Users\\derva\\Desktop\\movie-recommendation\\vendor\\laravel\\framework\\src\\Illuminate\\Pipeline\\Pipeline.php(167): Fruitcake\\Cors\\HandleCors->handle(Object(Illuminate\\Http\\Request), Object(Closure))
#49 C:\\Users\\derva\\Desktop\\movie-recommendation\\vendor\\fideloper\\proxy\\src\\TrustProxies.php(57): Illuminate\\Pipeline\\Pipeline->{closure:{closure:Illuminate\\Pipeline\\Pipeline::carry():142}:143}(Object(Illuminate\\Http\\Request))
#50 C:\\Users\\derva\\Desktop\\movie-recommendation\\vendor\\laravel\\framework\\src\\Illuminate\\Pipeline\\Pipeline.php(167): Fideloper\\Proxy\\TrustProxies->handle(Object(Illuminate\\Http\\Request), Object(Closure))
#51 C:\\Users\\derva\\Desktop\\movie-recommendation\\vendor\\laravel\\framework\\src\\Illuminate\\Pipeline\\Pipeline.php(103): Illuminate\\Pipeline\\Pipeline->{closure:{closure:Illuminate\\Pipeline\\Pipeline::carry():142}:143}(Object(Illuminate\\Http\\Request))
#52 C:\\Users\\derva\\Desktop\\movie-recommendation\\vendor\\laravel\\framework\\src\\Illuminate\\Foundation\\Http\\Kernel.php(142): Illuminate\\Pipeline\\Pipeline->then(Object(Closure))
#53 C:\\Users\\derva\\Desktop\\movie-recommendation\\vendor\\laravel\\framework\\src\\Illuminate\\Foundation\\Http\\Kernel.php(111): Illuminate\\Foundation\\Http\\Kernel->sendRequestThroughRouter(Object(Illuminate\\Http\\Request))
#54 C:\\Users\\derva\\Desktop\\movie-recommendation\\public\\index.php(51): Illuminate\\Foundation\\Http\\Kernel->handle(Object(Illuminate\\Http\\Request))
#55 C:\\Users\\derva\\Desktop\\movie-recommendation\\server.php(21): require_once('C:\\\\Users\\\\derva\\\\...')
#56 {main}

[previous exception] [object] (PDOException(code: 1049): SQLSTATE[HY000] [1049] Unknown database 'laravel' at C:\\Users\\derva\\Desktop\\movie-recommendation\\vendor\\laravel\\framework\\src\\Illuminate\\Database\\Connectors\\Connector.php:70)
[stacktrace]
#0 C:\\Users\\derva\\Desktop\\movie-recommendation\\vendor\\laravel\\framework\\src\\Illuminate\\Database\\Connectors\\Connector.php(70): PDO->__construct('mysql:host=127....', 'root', Object(SensitiveParameterValue), Array)
#1 C:\\Users\\derva\\Desktop\\movie-recommendation\\vendor\\laravel\\framework\\src\\Illuminate\\Database\\Connectors\\Connector.php(45): Illuminate\\Database\\Connectors\\Connector->createPdoConnection('mysql:host=127....', 'root', '', Array)
#2 C:\\Users\\derva\\Desktop\\movie-recommendation\\vendor\\laravel\\framework\\src\\Illuminate\\Database\\Connectors\\MySqlConnector.php(24): Illuminate\\Database\\Connectors\\Connector->createConnection('mysql:host=127....', Array, Array)
#3 C:\\Users\\derva\\Desktop\\movie-recommendation\\vendor\\laravel\\framework\\src\\Illuminate\\Database\\Connectors\\ConnectionFactory.php(184): Illuminate\\Database\\Connectors\\MySqlConnector->connect(Array)
#4 [internal function]: Illuminate\\Database\\Connectors\\ConnectionFactory->{closure:Illuminate\\Database\\Connectors\\ConnectionFactory::createPdoResolverWithHosts():179}()
#5 C:\\Users\\derva\\Desktop\\movie-recommendation\\vendor\\laravel\\framework\\src\\Illuminate\\Database\\Connection.php(1064): call_user_func(Object(Closure))
#6 C:\\Users\\derva\\Desktop\\movie-recommendation\\vendor\\laravel\\framework\\src\\Illuminate\\Database\\Connection.php(442): Illuminate\\Database\\Connection->getPdo()
#7 C:\\Users\\derva\\Desktop\\movie-recommendation\\vendor\\laravel\\framework\\src\\Illuminate\\Database\\Connection.php(368): Illuminate\\Database\\Connection->getPdoForSelect(false)
#8 C:\\Users\\derva\\Desktop\\movie-recommendation\\vendor\\laravel\\framework\\src\\Illuminate\\Database\\Connection.php(705): Illuminate\\Database\\Connection->{closure:Illuminate\\Database\\Connection::select():359}('select count(*)...', Array)
#9 C:\\Users\\derva\\Desktop\\movie-recommendation\\vendor\\laravel\\framework\\src\\Illuminate\\Database\\Connection.php(672): Illuminate\\Database\\Connection->runQueryCallback('select count(*)...', Array, Object(Closure))
#10 C:\\Users\\derva\\Desktop\\movie-recommendation\\vendor\\laravel\\framework\\src\\Illuminate\\Database\\Connection.php(359): Illuminate\\Database\\Connection->run('select count(*)...', Array, Object(Closure))
#11 C:\\Users\\derva\\Desktop\\movie-recommendation\\vendor\\laravel\\framework\\src\\Illuminate\\Database\\Query\\Builder.php(2413): Illuminate\\Database\\Connection->select('select count(*)...', Array, false)
#12 C:\\Users\\derva\\Desktop\\movie-recommendation\\vendor\\laravel\\framework\\src\\Illuminate\\Database\\Query\\Builder.php(2402): Illuminate\\Database\\Query\\Builder->runSelect()
#13 C:\\Users\\derva\\Desktop\\movie-recommendation\\vendor\\laravel\\framework\\src\\Illuminate\\Database\\Query\\Builder.php(2936): Illuminate\\Database\\Query\\Builder->{closure:Illuminate\\Database\\Query\\Builder::get():2401}()
#14 C:\\Users\\derva\\Desktop\\movie-recommendation\\vendor\\laravel\\framework\\src\\Illuminate\\Database\\Query\\Builder.php(2401): Illuminate\\Database\\Query\\Builder->onceWithColumns(Array, Object(Closure))
#15 C:\\Users\\derva\\Desktop\\movie-recommendation\\vendor\\laravel\\framework\\src\\Illuminate\\Database\\Query\\Builder.php(2863): Illuminate\\Database\\Query\\Builder->get(Array)
#16 C:\\Users\\derva\\Desktop\\movie-recommendation\\vendor\\laravel\\framework\\src\\Illuminate\\Database\\Query\\Builder.php(2791): Illuminate\\Database\\Query\\Builder->aggregate('count', Array)
#17 C:\\Users\\derva\\Desktop\\movie-recommendation\\vendor\\laravel\\framework\\src\\Illuminate\\Validation\\DatabasePresenceVerifier.php(55): Illuminate\\Database\\Query\\Builder->count()
#18 C:\\Users\\derva\\Desktop\\movie-recommendation\\vendor\\laravel\\framework\\src\\Illuminate\\Validation\\Concerns\\ValidatesAttributes.php(855): Illuminate\\Validation\\DatabasePresenceVerifier->getCount('users', 'email', 'dervanovicaisa@...', NULL, NULL, Array)
#19 C:\\Users\\derva\\Desktop\\movie-recommendation\\vendor\\laravel\\framework\\src\\Illuminate\\Validation\\Validator.php(610): Illuminate\\Validation\\Validator->validateUnique('email', 'dervanovicaisa@...', Array, Object(Illuminate\\Validation\\Validator))
#20 C:\\Users\\derva\\Desktop\\movie-recommendation\\vendor\\laravel\\framework\\src\\Illuminate\\Validation\\Validator.php(416): Illuminate\\Validation\\Validator->validateAttribute('email', 'Unique')
#21 C:\\Users\\derva\\Desktop\\movie-recommendation\\vendor\\laravel\\framework\\src\\Illuminate\\Validation\\Validator.php(447): Illuminate\\Validation\\Validator->passes()
#22 C:\\Users\\derva\\Desktop\\movie-recommendation\\vendor\\laravel\\framework\\src\\Illuminate\\Validation\\Validator.php(489): Illuminate\\Validation\\Validator->fails()
#23 C:\\Users\\derva\\Desktop\\movie-recommendation\\vendor\\laravel\\framework\\src\\Illuminate\\Validation\\Factory.php(145): Illuminate\\Validation\\Validator->validate()
#24 C:\\Users\\derva\\Desktop\\movie-recommendation\\vendor\\laravel\\framework\\src\\Illuminate\\Foundation\\Providers\\FoundationServiceProvider.php(63): Illuminate\\Validation\\Factory->validate(Array, Array)
#25 C:\\Users\\derva\\Desktop\\movie-recommendation\\vendor\\laravel\\framework\\src\\Illuminate\\Macroable\\Traits\\Macroable.php(124): Illuminate\\Http\\Request->{closure:Illuminate\\Foundation\\Providers\\FoundationServiceProvider::registerRequestValidation():62}(Array)
#26 C:\\Users\\derva\\Desktop\\movie-recommendation\\app\\Http\\Controllers\\AuthController.php(34): Illuminate\\Http\\Request->__call('validate', Array)
#27 C:\\Users\\derva\\Desktop\\movie-recommendation\\vendor\\laravel\\framework\\src\\Illuminate\\Routing\\Controller.php(54): App\\Http\\Controllers\\AuthController->register(Object(Illuminate\\Http\\Request))
#28 C:\\Users\\derva\\Desktop\\movie-recommendation\\vendor\\laravel\\framework\\src\\Illuminate\\Routing\\ControllerDispatcher.php(45): Illuminate\\Routing\\Controller->callAction('register', Array)
#29 C:\\Users\\derva\\Desktop\\movie-recommendation\\vendor\\laravel\\framework\\src\\Illuminate\\Routing\\Route.php(261): Illuminate\\Routing\\ControllerDispatcher->dispatch(Object(Illuminate\\Routing\\Route), Object(App\\Http\\Controllers\\AuthController), 'register')
#30 C:\\Users\\derva\\Desktop\\movie-recommendation\\vendor\\laravel\\framework\\src\\Illuminate\\Routing\\Route.php(205): Illuminate\\Routing\\Route->runController()
#31 C:\\Users\\derva\\Desktop\\movie-recommendation\\vendor\\laravel\\framework\\src\\Illuminate\\Routing\\Router.php(721): Illuminate\\Routing\\Route->run()
#32 C:\\Users\\derva\\Desktop\\movie-recommendation\\vendor\\laravel\\framework\\src\\Illuminate\\Pipeline\\Pipeline.php(128): Illuminate\\Routing\\Router->{closure:Illuminate\\Routing\\Router::runRouteWithinStack():719}(Object(Illuminate\\Http\\Request))
#33 C:\\Users\\derva\\Desktop\\movie-recommendation\\vendor\\laravel\\framework\\src\\Illuminate\\Routing\\Middleware\\SubstituteBindings.php(50): Illuminate\\Pipeline\\Pipeline->{closure:Illuminate\\Pipeline\\Pipeline::prepareDestination():126}(Object(Illuminate\\Http\\Request))
#34 C:\\Users\\derva\\Desktop\\movie-recommendation\\vendor\\laravel\\framework\\src\\Illuminate\\Pipeline\\Pipeline.php(167): Illuminate\\Routing\\Middleware\\SubstituteBindings->handle(Object(Illuminate\\Http\\Request), Object(Closure))
#35 C:\\Users\\derva\\Desktop\\movie-recommendation\\vendor\\laravel\\framework\\src\\Illuminate\\Routing\\Middleware\\ThrottleRequests.php(127): Illuminate\\Pipeline\\Pipeline->{closure:{closure:Illuminate\\Pipeline\\Pipeline::carry():142}:143}(Object(Illuminate\\Http\\Request))
#36 C:\\Users\\derva\\Desktop\\movie-recommendation\\vendor\\laravel\\framework\\src\\Illuminate\\Routing\\Middleware\\ThrottleRequests.php(93): Illuminate\\Routing\\Middleware\\ThrottleRequests->handleRequest(Object(Illuminate\\Http\\Request), Object(Closure), Array)
#37 C:\\Users\\derva\\Desktop\\movie-recommendation\\vendor\\laravel\\framework\\src\\Illuminate\\Routing\\Middleware\\ThrottleRequests.php(55): Illuminate\\Routing\\Middleware\\ThrottleRequests->handleRequestUsingNamedLimiter(Object(Illuminate\\Http\\Request), Object(Closure), 'api', Object(Closure))
#38 C:\\Users\\derva\\Desktop\\movie-recommendation\\vendor\\laravel\\framework\\src\\Illuminate\\Pipeline\\Pipeline.php(167): Illuminate\\Routing\\Middleware\\ThrottleRequests->handle(Object(Illuminate\\Http\\Request), Object(Closure), 'api')
#39 C:\\Users\\derva\\Desktop\\movie-recommendation\\vendor\\laravel\\framework\\src\\Illuminate\\Pipeline\\Pipeline.php(103): Illuminate\\Pipeline\\Pipeline->{closure:{closure:Illuminate\\Pipeline\\Pipeline::carry():142}:143}(Object(Illuminate\\Http\\Request))
#40 C:\\Users\\derva\\Desktop\\movie-recommendation\\vendor\\laravel\\framework\\src\\Illuminate\\Routing\\Router.php(719): Illuminate\\Pipeline\\Pipeline->then(Object(Closure))
#41 C:\\Users\\derva\\Desktop\\movie-recommendation\\vendor\\laravel\\framework\\src\\Illuminate\\Routing\\Router.php(698): Illuminate\\Routing\\Router->runRouteWithinStack(Object(Illuminate\\Routing\\Route), Object(Illuminate\\Http\\Request))
#42 C:\\Users\\derva\\Desktop\\movie-recommendation\\vendor\\laravel\\framework\\src\\Illuminate\\Routing\\Router.php(662): Illuminate\\Routing\\Router->runRoute(Object(Illuminate\\Http\\Request), Object(Illuminate\\Routing\\Route))
#43 C:\\Users\\derva\\Desktop\\movie-recommendation\\vendor\\laravel\\framework\\src\\Illuminate\\Routing\\Router.php(651): Illuminate\\Routing\\Router->dispatchToRoute(Object(Illuminate\\Http\\Request))
#44 C:\\Users\\derva\\Desktop\\movie-recommendation\\vendor\\laravel\\framework\\src\\Illuminate\\Foundation\\Http\\Kernel.php(167): Illuminate\\Routing\\Router->dispatch(Object(Illuminate\\Http\\Request))
#45 C:\\Users\\derva\\Desktop\\movie-recommendation\\vendor\\laravel\\framework\\src\\Illuminate\\Pipeline\\Pipeline.php(128): Illuminate\\Foundation\\Http\\Kernel->{closure:Illuminate\\Foundation\\Http\\Kernel::dispatchToRouter():164}(Object(Illuminate\\Http\\Request))
#46 C:\\Users\\derva\\Desktop\\movie-recommendation\\vendor\\laravel\\framework\\src\\Illuminate\\Foundation\\Http\\Middleware\\TransformsRequest.php(21): Illuminate\\Pipeline\\Pipeline->{closure:Illuminate\\Pipeline\\Pipeline::prepareDestination():126}(Object(Illuminate\\Http\\Request))
#47 C:\\Users\\derva\\Desktop\\movie-recommendation\\vendor\\laravel\\framework\\src\\Illuminate\\Foundation\\Http\\Middleware\\ConvertEmptyStringsToNull.php(31): Illuminate\\Foundation\\Http\\Middleware\\TransformsRequest->handle(Object(Illuminate\\Http\\Request), Object(Closure))
#48 C:\\Users\\derva\\Desktop\\movie-recommendation\\vendor\\laravel\\framework\\src\\Illuminate\\Pipeline\\Pipeline.php(167): Illuminate\\Foundation\\Http\\Middleware\\ConvertEmptyStringsToNull->handle(Object(Illuminate\\Http\\Request), Object(Closure))
#49 C:\\Users\\derva\\Desktop\\movie-recommendation\\vendor\\laravel\\framework\\src\\Illuminate\\Foundation\\Http\\Middleware\\TransformsRequest.php(21): Illuminate\\Pipeline\\Pipeline->{closure:{closure:Illuminate\\Pipeline\\Pipeline::carry():142}:143}(Object(Illuminate\\Http\\Request))
#50 C:\\Users\\derva\\Desktop\\movie-recommendation\\vendor\\laravel\\framework\\src\\Illuminate\\Foundation\\Http\\Middleware\\TrimStrings.php(40): Illuminate\\Foundation\\Http\\Middleware\\TransformsRequest->handle(Object(Illuminate\\Http\\Request), Object(Closure))
#51 C:\\Users\\derva\\Desktop\\movie-recommendation\\vendor\\laravel\\framework\\src\\Illuminate\\Pipeline\\Pipeline.php(167): Illuminate\\Foundation\\Http\\Middleware\\TrimStrings->handle(Object(Illuminate\\Http\\Request), Object(Closure))
#52 C:\\Users\\derva\\Desktop\\movie-recommendation\\vendor\\laravel\\framework\\src\\Illuminate\\Foundation\\Http\\Middleware\\ValidatePostSize.php(27): Illuminate\\Pipeline\\Pipeline->{closure:{closure:Illuminate\\Pipeline\\Pipeline::carry():142}:143}(Object(Illuminate\\Http\\Request))
#53 C:\\Users\\derva\\Desktop\\movie-recommendation\\vendor\\laravel\\framework\\src\\Illuminate\\Pipeline\\Pipeline.php(167): Illuminate\\Foundation\\Http\\Middleware\\ValidatePostSize->handle(Object(Illuminate\\Http\\Request), Object(Closure))
#54 C:\\Users\\derva\\Desktop\\movie-recommendation\\vendor\\laravel\\framework\\src\\Illuminate\\Foundation\\Http\\Middleware\\PreventRequestsDuringMaintenance.php(86): Illuminate\\Pipeline\\Pipeline->{closure:{closure:Illuminate\\Pipeline\\Pipeline::carry():142}:143}(Object(Illuminate\\Http\\Request))
#55 C:\\Users\\derva\\Desktop\\movie-recommendation\\vendor\\laravel\\framework\\src\\Illuminate\\Pipeline\\Pipeline.php(167): Illuminate\\Foundation\\Http\\Middleware\\PreventRequestsDuringMaintenance->handle(Object(Illuminate\\Http\\Request), Object(Closure))
#56 C:\\Users\\derva\\Desktop\\movie-recommendation\\vendor\\fruitcake\\laravel-cors\\src\\HandleCors.php(52): Illuminate\\Pipeline\\Pipeline->{closure:{closure:Illuminate\\Pipeline\\Pipeline::carry():142}:143}(Object(Illuminate\\Http\\Request))
#57 C:\\Users\\derva\\Desktop\\movie-recommendation\\vendor\\laravel\\framework\\src\\Illuminate\\Pipeline\\Pipeline.php(167): Fruitcake\\Cors\\HandleCors->handle(Object(Illuminate\\Http\\Request), Object(Closure))
#58 C:\\Users\\derva\\Desktop\\movie-recommendation\\vendor\\fideloper\\proxy\\src\\TrustProxies.php(57): Illuminate\\Pipeline\\Pipeline->{closure:{closure:Illuminate\\Pipeline\\Pipeline::carry():142}:143}(Object(Illuminate\\Http\\Request))
#59 C:\\Users\\derva\\Desktop\\movie-recommendation\\vendor\\laravel\\framework\\src\\Illuminate\\Pipeline\\Pipeline.php(167): Fideloper\\Proxy\\TrustProxies->handle(Object(Illuminate\\Http\\Request), Object(Closure))
#60 C:\\Users\\derva\\Desktop\\movie-recommendation\\vendor\\laravel\\framework\\src\\Illuminate\\Pipeline\\Pipeline.php(103): Illuminate\\Pipeline\\Pipeline->{closure:{closure:Illuminate\\Pipeline\\Pipeline::carry():142}:143}(Object(Illuminate\\Http\\Request))
#61 C:\\Users\\derva\\Desktop\\movie-recommendation\\vendor\\laravel\\framework\\src\\Illuminate\\Foundation\\Http\\Kernel.php(142): Illuminate\\Pipeline\\Pipeline->then(Object(Closure))
#62 C:\\Users\\derva\\Desktop\\movie-recommendation\\vendor\\laravel\\framework\\src\\Illuminate\\Foundation\\Http\\Kernel.php(111): Illuminate\\Foundation\\Http\\Kernel->sendRequestThroughRouter(Object(Illuminate\\Http\\Request))
#63 C:\\Users\\derva\\Desktop\\movie-recommendation\\public\\index.php(51): Illuminate\\Foundation\\Http\\Kernel->handle(Object(Illuminate\\Http\\Request))
#64 C:\\Users\\derva\\Desktop\\movie-recommendation\\server.php(21): require_once('C:\\\\Users\\\\derva\\\\...')
#65 {main}
"} 
[2026-03-29 10:38:49] local.ERROR: SQLSTATE[HY000] [1049] Unknown database 'laravel' (SQL: select count(*) as aggregate from `users` where `email` = dervanovicaisa@gmail.com) {"exception":"[object] (Illuminate\\Database\\QueryException(code: 1049): SQLSTATE[HY000] [1049] Unknown database 'laravel' (SQL: select count(*) as aggregate from `users` where `email` = dervanovicaisa@gmail.com) at C:\\Users\\derva\\Desktop\\movie-recommendation\\vendor\\laravel\\framework\\src\\Illuminate\\Database\\Connection.php:712)
[stacktrace]
#0 C:\\Users\\derva\\Desktop\\movie-recommendation\\vendor\\laravel\\framework\\src\\Illuminate\\Database\\Connection.php(672): Illuminate\\Database\\Connection->runQueryCallback('select count(*)...', Array, Object(Closure))
#1 C:\\Users\\derva\\Desktop\\movie-recommendation\\vendor\\laravel\\framework\\src\\Illuminate\\Database\\Connection.php(359): Illuminate\\Database\\Connection->run('select count(*)...', Array, Object(Closure))
#2 C:\\Users\\derva\\Desktop\\movie-recommendation\\vendor\\laravel\\framework\\src\\Illuminate\\Database\\Query\\Builder.php(2413): Illuminate\\Database\\Connection->select('select count(*)...', Array, false)
#3 C:\\Users\\derva\\Desktop\\movie-recommendation\\vendor\\laravel\\framework\\src\\Illuminate\\Database\\Query\\Builder.php(2402): Illuminate\\Database\\Query\\Builder->runSelect()
#4 C:\\Users\\derva\\Desktop\\movie-recommendation\\vendor\\laravel\\framework\\src\\Illuminate\\Database\\Query\\Builder.php(2936): Illuminate\\Database\\Query\\Builder->{closure:Illuminate\\Database\\Query\\Builder::get():2401}()
#5 C:\\Users\\derva\\Desktop\\movie-recommendation\\vendor\\laravel\\framework\\src\\Illuminate\\Database\\Query\\Builder.php(2401): Illuminate\\Database\\Query\\Builder->onceWithColumns(Array, Object(Closure))
#6 C:\\Users\\derva\\Desktop\\movie-recommendation\\vendor\\laravel\\framework\\src\\Illuminate\\Database\\Query\\Builder.php(2863): Illuminate\\Database\\Query\\Builder->get(Array)
#7 C:\\Users\\derva\\Desktop\\movie-recommendation\\vendor\\laravel\\framework\\src\\Illuminate\\Database\\Query\\Builder.php(2791): Illuminate\\Database\\Query\\Builder->aggregate('count', Array)
#8 C:\\Users\\derva\\Desktop\\movie-recommendation\\vendor\\laravel\\framework\\src\\Illuminate\\Validation\\DatabasePresenceVerifier.php(55): Illuminate\\Database\\Query\\Builder->count()
#9 C:\\Users\\derva\\Desktop\\movie-recommendation\\vendor\\laravel\\framework\\src\\Illuminate\\Validation\\Concerns\\ValidatesAttributes.php(855): Illuminate\\Validation\\DatabasePresenceVerifier->getCount('users', 'email', 'dervanovicaisa@...', NULL, NULL, Array)
#10 C:\\Users\\derva\\Desktop\\movie-recommendation\\vendor\\laravel\\framework\\src\\Illuminate\\Validation\\Validator.php(610): Illuminate\\Validation\\Validator->validateUnique('email', 'dervanovicaisa@...', Array, Object(Illuminate\\Validation\\Validator))
#11 C:\\Users\\derva\\Desktop\\movie-recommendation\\vendor\\laravel\\framework\\src\\Illuminate\\Validation\\Validator.php(416): Illuminate\\Validation\\Validator->validateAttribute('email', 'Unique')
#12 C:\\Users\\derva\\Desktop\\movie-recommendation\\vendor\\laravel\\framework\\src\\Illuminate\\Validation\\Validator.php(447): Illuminate\\Validation\\Validator->passes()
#13 C:\\Users\\derva\\Desktop\\movie-recommendation\\vendor\\laravel\\framework\\src\\Illuminate\\Validation\\Validator.php(489): Illuminate\\Validation\\Validator->fails()
#14 C:\\Users\\derva\\Desktop\\movie-recommendation\\vendor\\laravel\\framework\\src\\Illuminate\\Validation\\Factory.php(145): Illuminate\\Validation\\Validator->validate()
#15 C:\\Users\\derva\\Desktop\\movie-recommendation\\vendor\\laravel\\framework\\src\\Illuminate\\Foundation\\Providers\\FoundationServiceProvider.php(63): Illuminate\\Validation\\Factory->validate(Array, Array)
#16 C:\\Users\\derva\\Desktop\\movie-recommendation\\vendor\\laravel\\framework\\src\\Illuminate\\Macroable\\Traits\\Macroable.php(124): Illuminate\\Http\\Request->{closure:Illuminate\\Foundation\\Providers\\FoundationServiceProvider::registerRequestValidation():62}(Array)
#17 C:\\Users\\derva\\Desktop\\movie-recommendation\\app\\Http\\Controllers\\AuthController.php(34): Illuminate\\Http\\Request->__call('validate', Array)
#18 C:\\Users\\derva\\Desktop\\movie-recommendation\\vendor\\laravel\\framework\\src\\Illuminate\\Routing\\Controller.php(54): App\\Http\\Controllers\\AuthController->register(Object(Illuminate\\Http\\Request))
#19 C:\\Users\\derva\\Desktop\\movie-recommendation\\vendor\\laravel\\framework\\src\\Illuminate\\Routing\\ControllerDispatcher.php(45): Illuminate\\Routing\\Controller->callAction('register', Array)
#20 C:\\Users\\derva\\Desktop\\movie-recommendation\\vendor\\laravel\\framework\\src\\Illuminate\\Routing\\Route.php(261): Illuminate\\Routing\\ControllerDispatcher->dispatch(Object(Illuminate\\Routing\\Route), Object(App\\Http\\Controllers\\AuthController), 'register')
#21 C:\\Users\\derva\\Desktop\\movie-recommendation\\vendor\\laravel\\framework\\src\\Illuminate\\Routing\\Route.php(205): Illuminate\\Routing\\Route->runController()
#22 C:\\Users\\derva\\Desktop\\movie-recommendation\\vendor\\laravel\\framework\\src\\Illuminate\\Routing\\Router.php(721): Illuminate\\Routing\\Route->run()
#23 C:\\Users\\derva\\Desktop\\movie-recommendation\\vendor\\laravel\\framework\\src\\Illuminate\\Pipeline\\Pipeline.php(128): Illuminate\\Routing\\Router->{closure:Illuminate\\Routing\\Router::runRouteWithinStack():719}(Object(Illuminate\\Http\\Request))
#24 C:\\Users\\derva\\Desktop\\movie-recommendation\\vendor\\laravel\\framework\\src\\Illuminate\\Routing\\Middleware\\SubstituteBindings.php(50): Illuminate\\Pipeline\\Pipeline->{closure:Illuminate\\Pipeline\\Pipeline::prepareDestination():126}(Object(Illuminate\\Http\\Request))
#25 C:\\Users\\derva\\Desktop\\movie-recommendation\\vendor\\laravel\\framework\\src\\Illuminate\\Pipeline\\Pipeline.php(167): Illuminate\\Routing\\Middleware\\SubstituteBindings->handle(Object(Illuminate\\Http\\Request), Object(Closure))
#26 C:\\Users\\derva\\Desktop\\movie-recommendation\\vendor\\laravel\\framework\\src\\Illuminate\\Routing\\Middleware\\ThrottleRequests.php(127): Illuminate\\Pipeline\\Pipeline->{closure:{closure:Illuminate\\Pipeline\\Pipeline::carry():142}:143}(Object(Illuminate\\Http\\Request))
#27 C:\\Users\\derva\\Desktop\\movie-recommendation\\vendor\\laravel\\framework\\src\\Illuminate\\Routing\\Middleware\\ThrottleRequests.php(93): Illuminate\\Routing\\Middleware\\ThrottleRequests->handleRequest(Object(Illuminate\\Http\\Request), Object(Closure), Array)
#28 C:\\Users\\derva\\Desktop\\movie-recommendation\\vendor\\laravel\\framework\\src\\Illuminate\\Routing\\Middleware\\ThrottleRequests.php(55): Illuminate\\Routing\\Middleware\\ThrottleRequests->handleRequestUsingNamedLimiter(Object(Illuminate\\Http\\Request), Object(Closure), 'api', Object(Closure))
#29 C:\\Users\\derva\\Desktop\\movie-recommendation\\vendor\\laravel\\framework\\src\\Illuminate\\Pipeline\\Pipeline.php(167): Illuminate\\Routing\\Middleware\\ThrottleRequests->handle(Object(Illuminate\\Http\\Request), Object(Closure), 'api')
#30 C:\\Users\\derva\\Desktop\\movie-recommendation\\vendor\\laravel\\framework\\src\\Illuminate\\Pipeline\\Pipeline.php(103): Illuminate\\Pipeline\\Pipeline->{closure:{closure:Illuminate\\Pipeline\\Pipeline::carry():142}:143}(Object(Illuminate\\Http\\Request))
#31 C:\\Users\\derva\\Desktop\\movie-recommendation\\vendor\\laravel\\framework\\src\\Illuminate\\Routing\\Router.php(719): Illuminate\\Pipeline\\Pipeline->then(Object(Closure))
#32 C:\\Users\\derva\\Desktop\\movie-recommendation\\vendor\\laravel\\framework\\src\\Illuminate\\Routing\\Router.php(698): Illuminate\\Routing\\Router->runRouteWithinStack(Object(Illuminate\\Routing\\Route), Object(Illuminate\\Http\\Request))
#33 C:\\Users\\derva\\Desktop\\movie-recommendation\\vendor\\laravel\\framework\\src\\Illuminate\\Routing\\Router.php(662): Illuminate\\Routing\\Router->runRoute(Object(Illuminate\\Http\\Request), Object(Illuminate\\Routing\\Route))
#34 C:\\Users\\derva\\Desktop\\movie-recommendation\\vendor\\laravel\\framework\\src\\Illuminate\\Routing\\Router.php(651): Illuminate\\Routing\\Router->dispatchToRoute(Object(Illuminate\\Http\\Request))
#35 C:\\Users\\derva\\Desktop\\movie-recommendation\\vendor\\laravel\\framework\\src\\Illuminate\\Foundation\\Http\\Kernel.php(167): Illuminate\\Routing\\Router->dispatch(Object(Illuminate\\Http\\Request))
#36 C:\\Users\\derva\\Desktop\\movie-recommendation\\vendor\\laravel\\framework\\src\\Illuminate\\Pipeline\\Pipeline.php(128): Illuminate\\Foundation\\Http\\Kernel->{closure:Illuminate\\Foundation\\Http\\Kernel::dispatchToRouter():164}(Object(Illuminate\\Http\\Request))
#37 C:\\Users\\derva\\Desktop\\movie-recommendation\\vendor\\laravel\\framework\\src\\Illuminate\\Foundation\\Http\\Middleware\\TransformsRequest.php(21): Illuminate\\Pipeline\\Pipeline->{closure:Illuminate\\Pipeline\\Pipeline::prepareDestination():126}(Object(Illuminate\\Http\\Request))
#38 C:\\Users\\derva\\Desktop\\movie-recommendation\\vendor\\laravel\\framework\\src\\Illuminate\\Foundation\\Http\\Middleware\\ConvertEmptyStringsToNull.php(31): Illuminate\\Foundation\\Http\\Middleware\\TransformsRequest->handle(Object(Illuminate\\Http\\Request), Object(Closure))
#39 C:\\Users\\derva\\Desktop\\movie-recommendation\\vendor\\laravel\\framework\\src\\Illuminate\\Pipeline\\Pipeline.php(167): Illuminate\\Foundation\\Http\\Middleware\\ConvertEmptyStringsToNull->handle(Object(Illuminate\\Http\\Request), Object(Closure))
#40 C:\\Users\\derva\\Desktop\\movie-recommendation\\vendor\\laravel\\framework\\src\\Illuminate\\Foundation\\Http\\Middleware\\TransformsRequest.php(21): Illuminate\\Pipeline\\Pipeline->{closure:{closure:Illuminate\\Pipeline\\Pipeline::carry():142}:143}(Object(Illuminate\\Http\\Request))
#41 C:\\Users\\derva\\Desktop\\movie-recommendation\\vendor\\laravel\\framework\\src\\Illuminate\\Foundation\\Http\\Middleware\\TrimStrings.php(40): Illuminate\\Foundation\\Http\\Middleware\\TransformsRequest->handle(Object(Illuminate\\Http\\Request), Object(Closure))
#42 C:\\Users\\derva\\Desktop\\movie-recommendation\\vendor\\laravel\\framework\\src\\Illuminate\\Pipeline\\Pipeline.php(167): Illuminate\\Foundation\\Http\\Middleware\\TrimStrings->handle(Object(Illuminate\\Http\\Request), Object(Closure))
#43 C:\\Users\\derva\\Desktop\\movie-recommendation\\vendor\\laravel\\framework\\src\\Illuminate\\Foundation\\Http\\Middleware\\ValidatePostSize.php(27): Illuminate\\Pipeline\\Pipeline->{closure:{closure:Illuminate\\Pipeline\\Pipeline::carry():142}:143}(Object(Illuminate\\Http\\Request))
#44 C:\\Users\\derva\\Desktop\\movie-recommendation\\vendor\\laravel\\framework\\src\\Illuminate\\Pipeline\\Pipeline.php(167): Illuminate\\Foundation\\Http\\Middleware\\ValidatePostSize->handle(Object(Illuminate\\Http\\Request), Object(Closure))
#45 C:\\Users\\derva\\Desktop\\movie-recommendation\\vendor\\laravel\\framework\\src\\Illuminate\\Foundation\\Http\\Middleware\\PreventRequestsDuringMaintenance.php(86): Illuminate\\Pipeline\\Pipeline->{closure:{closure:Illuminate\\Pipeline\\Pipeline::carry():142}:143}(Object(Illuminate\\Http\\Request))
#46 C:\\Users\\derva\\Desktop\\movie-recommendation\\vendor\\laravel\\framework\\src\\Illuminate\\Pipeline\\Pipeline.php(167): Illuminate\\Foundation\\Http\\Middleware\\PreventRequestsDuringMaintenance->handle(Object(Illuminate\\Http\\Request), Object(Closure))
#47 C:\\Users\\derva\\Desktop\\movie-recommendation\\vendor\\fruitcake\\laravel-cors\\src\\HandleCors.php(52): Illuminate\\Pipeline\\Pipeline->{closure:{closure:Illuminate\\Pipeline\\Pipeline::carry():142}:143}(Object(Illuminate\\Http\\Request))
#48 C:\\Users\\derva\\Desktop\\movie-recommendation\\vendor\\laravel\\framework\\src\\Illuminate\\Pipeline\\Pipeline.php(167): Fruitcake\\Cors\\HandleCors->handle(Object(Illuminate\\Http\\Request), Object(Closure))
#49 C:\\Users\\derva\\Desktop\\movie-recommendation\\vendor\\fideloper\\proxy\\src\\TrustProxies.php(57): Illuminate\\Pipeline\\Pipeline->{closure:{closure:Illuminate\\Pipeline\\Pipeline::carry():142}:143}(Object(Illuminate\\Http\\Request))
#50 C:\\Users\\derva\\Desktop\\movie-recommendation\\vendor\\laravel\\framework\\src\\Illuminate\\Pipeline\\Pipeline.php(167): Fideloper\\Proxy\\TrustProxies->handle(Object(Illuminate\\Http\\Request), Object(Closure))
#51 C:\\Users\\derva\\Desktop\\movie-recommendation\\vendor\\laravel\\framework\\src\\Illuminate\\Pipeline\\Pipeline.php(103): Illuminate\\Pipeline\\Pipeline->{closure:{closure:Illuminate\\Pipeline\\Pipeline::carry():142}:143}(Object(Illuminate\\Http\\Request))
#52 C:\\Users\\derva\\Desktop\\movie-recommendation\\vendor\\laravel\\framework\\src\\Illuminate\\Foundation\\Http\\Kernel.php(142): Illuminate\\Pipeline\\Pipeline->then(Object(Closure))
#53 C:\\Users\\derva\\Desktop\\movie-recommendation\\vendor\\laravel\\framework\\src\\Illuminate\\Foundation\\Http\\Kernel.php(111): Illuminate\\Foundation\\Http\\Kernel->sendRequestThroughRouter(Object(Illuminate\\Http\\Request))
#54 C:\\Users\\derva\\Desktop\\movie-recommendation\\public\\index.php(51): Illuminate\\Foundation\\Http\\Kernel->handle(Object(Illuminate\\Http\\Request))
#55 C:\\Users\\derva\\Desktop\\movie-recommendation\\server.php(21): require_once('C:\\\\Users\\\\derva\\\\...')
#56 {main}

[previous exception] [object] (PDOException(code: 1049): SQLSTATE[HY000] [1049] Unknown database 'laravel' at C:\\Users\\derva\\Desktop\\movie-recommendation\\vendor\\laravel\\framework\\src\\Illuminate\\Database\\Connectors\\Connector.php:70)
[stacktrace]
#0 C:\\Users\\derva\\Desktop\\movie-recommendation\\vendor\\laravel\\framework\\src\\Illuminate\\Database\\Connectors\\Connector.php(70): PDO->__construct('mysql:host=127....', 'root', Object(SensitiveParameterValue), Array)
#1 C:\\Users\\derva\\Desktop\\movie-recommendation\\vendor\\laravel\\framework\\src\\Illuminate\\Database\\Connectors\\Connector.php(45): Illuminate\\Database\\Connectors\\Connector->createPdoConnection('mysql:host=127....', 'root', '', Array)
#2 C:\\Users\\derva\\Desktop\\movie-recommendation\\vendor\\laravel\\framework\\src\\Illuminate\\Database\\Connectors\\MySqlConnector.php(24): Illuminate\\Database\\Connectors\\Connector->createConnection('mysql:host=127....', Array, Array)
#3 C:\\Users\\derva\\Desktop\\movie-recommendation\\vendor\\laravel\\framework\\src\\Illuminate\\Database\\Connectors\\ConnectionFactory.php(184): Illuminate\\Database\\Connectors\\MySqlConnector->connect(Array)
#4 [internal function]: Illuminate\\Database\\Connectors\\ConnectionFactory->{closure:Illuminate\\Database\\Connectors\\ConnectionFactory::createPdoResolverWithHosts():179}()
#5 C:\\Users\\derva\\Desktop\\movie-recommendation\\vendor\\laravel\\framework\\src\\Illuminate\\Database\\Connection.php(1064): call_user_func(Object(Closure))
#6 C:\\Users\\derva\\Desktop\\movie-recommendation\\vendor\\laravel\\framework\\src\\Illuminate\\Database\\Connection.php(442): Illuminate\\Database\\Connection->getPdo()
#7 C:\\Users\\derva\\Desktop\\movie-recommendation\\vendor\\laravel\\framework\\src\\Illuminate\\Database\\Connection.php(368): Illuminate\\Database\\Connection->getPdoForSelect(false)
#8 C:\\Users\\derva\\Desktop\\movie-recommendation\\vendor\\laravel\\framework\\src\\Illuminate\\Database\\Connection.php(705): Illuminate\\Database\\Connection->{closure:Illuminate\\Database\\Connection::select():359}('select count(*)...', Array)
#9 C:\\Users\\derva\\Desktop\\movie-recommendation\\vendor\\laravel\\framework\\src\\Illuminate\\Database\\Connection.php(672): Illuminate\\Database\\Connection->runQueryCallback('select count(*)...', Array, Object(Closure))
#10 C:\\Users\\derva\\Desktop\\movie-recommendation\\vendor\\laravel\\framework\\src\\Illuminate\\Database\\Connection.php(359): Illuminate\\Database\\Connection->run('select count(*)...', Array, Object(Closure))
#11 C:\\Users\\derva\\Desktop\\movie-recommendation\\vendor\\laravel\\framework\\src\\Illuminate\\Database\\Query\\Builder.php(2413): Illuminate\\Database\\Connection->select('select count(*)...', Array, false)
#12 C:\\Users\\derva\\Desktop\\movie-recommendation\\vendor\\laravel\\framework\\src\\Illuminate\\Database\\Query\\Builder.php(2402): Illuminate\\Database\\Query\\Builder->runSelect()
#13 C:\\Users\\derva\\Desktop\\movie-recommendation\\vendor\\laravel\\framework\\src\\Illuminate\\Database\\Query\\Builder.php(2936): Illuminate\\Database\\Query\\Builder->{closure:Illuminate\\Database\\Query\\Builder::get():2401}()
#14 C:\\Users\\derva\\Desktop\\movie-recommendation\\vendor\\laravel\\framework\\src\\Illuminate\\Database\\Query\\Builder.php(2401): Illuminate\\Database\\Query\\Builder->onceWithColumns(Array, Object(Closure))
#15 C:\\Users\\derva\\Desktop\\movie-recommendation\\vendor\\laravel\\framework\\src\\Illuminate\\Database\\Query\\Builder.php(2863): Illuminate\\Database\\Query\\Builder->get(Array)
#16 C:\\Users\\derva\\Desktop\\movie-recommendation\\vendor\\laravel\\framework\\src\\Illuminate\\Database\\Query\\Builder.php(2791): Illuminate\\Database\\Query\\Builder->aggregate('count', Array)
#17 C:\\Users\\derva\\Desktop\\movie-recommendation\\vendor\\laravel\\framework\\src\\Illuminate\\Validation\\DatabasePresenceVerifier.php(55): Illuminate\\Database\\Query\\Builder->count()
#18 C:\\Users\\derva\\Desktop\\movie-recommendation\\vendor\\laravel\\framework\\src\\Illuminate\\Validation\\Concerns\\ValidatesAttributes.php(855): Illuminate\\Validation\\DatabasePresenceVerifier->getCount('users', 'email', 'dervanovicaisa@...', NULL, NULL, Array)
#19 C:\\Users\\derva\\Desktop\\movie-recommendation\\vendor\\laravel\\framework\\src\\Illuminate\\Validation\\Validator.php(610): Illuminate\\Validation\\Validator->validateUnique('email', 'dervanovicaisa@...', Array, Object(Illuminate\\Validation\\Validator))
#20 C:\\Users\\derva\\Desktop\\movie-recommendation\\vendor\\laravel\\framework\\src\\Illuminate\\Validation\\Validator.php(416): Illuminate\\Validation\\Validator->validateAttribute('email', 'Unique')
#21 C:\\Users\\derva\\Desktop\\movie-recommendation\\vendor\\laravel\\framework\\src\\Illuminate\\Validation\\Validator.php(447): Illuminate\\Validation\\Validator->passes()
#22 C:\\Users\\derva\\Desktop\\movie-recommendation\\vendor\\laravel\\framework\\src\\Illuminate\\Validation\\Validator.php(489): Illuminate\\Validation\\Validator->fails()
#23 C:\\Users\\derva\\Desktop\\movie-recommendation\\vendor\\laravel\\framework\\src\\Illuminate\\Validation\\Factory.php(145): Illuminate\\Validation\\Validator->validate()
#24 C:\\Users\\derva\\Desktop\\movie-recommendation\\vendor\\laravel\\framework\\src\\Illuminate\\Foundation\\Providers\\FoundationServiceProvider.php(63): Illuminate\\Validation\\Factory->validate(Array, Array)
#25 C:\\Users\\derva\\Desktop\\movie-recommendation\\vendor\\laravel\\framework\\src\\Illuminate\\Macroable\\Traits\\Macroable.php(124): Illuminate\\Http\\Request->{closure:Illuminate\\Foundation\\Providers\\FoundationServiceProvider::registerRequestValidation():62}(Array)
#26 C:\\Users\\derva\\Desktop\\movie-recommendation\\app\\Http\\Controllers\\AuthController.php(34): Illuminate\\Http\\Request->__call('validate', Array)
#27 C:\\Users\\derva\\Desktop\\movie-recommendation\\vendor\\laravel\\framework\\src\\Illuminate\\Routing\\Controller.php(54): App\\Http\\Controllers\\AuthController->register(Object(Illuminate\\Http\\Request))
#28 C:\\Users\\derva\\Desktop\\movie-recommendation\\vendor\\laravel\\framework\\src\\Illuminate\\Routing\\ControllerDispatcher.php(45): Illuminate\\Routing\\Controller->callAction('register', Array)
#29 C:\\Users\\derva\\Desktop\\movie-recommendation\\vendor\\laravel\\framework\\src\\Illuminate\\Routing\\Route.php(261): Illuminate\\Routing\\ControllerDispatcher->dispatch(Object(Illuminate\\Routing\\Route), Object(App\\Http\\Controllers\\AuthController), 'register')
#30 C:\\Users\\derva\\Desktop\\movie-recommendation\\vendor\\laravel\\framework\\src\\Illuminate\\Routing\\Route.php(205): Illuminate\\Routing\\Route->runController()
#31 C:\\Users\\derva\\Desktop\\movie-recommendation\\vendor\\laravel\\framework\\src\\Illuminate\\Routing\\Router.php(721): Illuminate\\Routing\\Route->run()
#32 C:\\Users\\derva\\Desktop\\movie-recommendation\\vendor\\laravel\\framework\\src\\Illuminate\\Pipeline\\Pipeline.php(128): Illuminate\\Routing\\Router->{closure:Illuminate\\Routing\\Router::runRouteWithinStack():719}(Object(Illuminate\\Http\\Request))
#33 C:\\Users\\derva\\Desktop\\movie-recommendation\\vendor\\laravel\\framework\\src\\Illuminate\\Routing\\Middleware\\SubstituteBindings.php(50): Illuminate\\Pipeline\\Pipeline->{closure:Illuminate\\Pipeline\\Pipeline::prepareDestination():126}(Object(Illuminate\\Http\\Request))
#34 C:\\Users\\derva\\Desktop\\movie-recommendation\\vendor\\laravel\\framework\\src\\Illuminate\\Pipeline\\Pipeline.php(167): Illuminate\\Routing\\Middleware\\SubstituteBindings->handle(Object(Illuminate\\Http\\Request), Object(Closure))
#35 C:\\Users\\derva\\Desktop\\movie-recommendation\\vendor\\laravel\\framework\\src\\Illuminate\\Routing\\Middleware\\ThrottleRequests.php(127): Illuminate\\Pipeline\\Pipeline->{closure:{closure:Illuminate\\Pipeline\\Pipeline::carry():142}:143}(Object(Illuminate\\Http\\Request))
#36 C:\\Users\\derva\\Desktop\\movie-recommendation\\vendor\\laravel\\framework\\src\\Illuminate\\Routing\\Middleware\\ThrottleRequests.php(93): Illuminate\\Routing\\Middleware\\ThrottleRequests->handleRequest(Object(Illuminate\\Http\\Request), Object(Closure), Array)
#37 C:\\Users\\derva\\Desktop\\movie-recommendation\\vendor\\laravel\\framework\\src\\Illuminate\\Routing\\Middleware\\ThrottleRequests.php(55): Illuminate\\Routing\\Middleware\\ThrottleRequests->handleRequestUsingNamedLimiter(Object(Illuminate\\Http\\Request), Object(Closure), 'api', Object(Closure))
#38 C:\\Users\\derva\\Desktop\\movie-recommendation\\vendor\\laravel\\framework\\src\\Illuminate\\Pipeline\\Pipeline.php(167): Illuminate\\Routing\\Middleware\\ThrottleRequests->handle(Object(Illuminate\\Http\\Request), Object(Closure), 'api')
#39 C:\\Users\\derva\\Desktop\\movie-recommendation\\vendor\\laravel\\framework\\src\\Illuminate\\Pipeline\\Pipeline.php(103): Illuminate\\Pipeline\\Pipeline->{closure:{closure:Illuminate\\Pipeline\\Pipeline::carry():142}:143}(Object(Illuminate\\Http\\Request))
#40 C:\\Users\\derva\\Desktop\\movie-recommendation\\vendor\\laravel\\framework\\src\\Illuminate\\Routing\\Router.php(719): Illuminate\\Pipeline\\Pipeline->then(Object(Closure))
#41 C:\\Users\\derva\\Desktop\\movie-recommendation\\vendor\\laravel\\framework\\src\\Illuminate\\Routing\\Router.php(698): Illuminate\\Routing\\Router->runRouteWithinStack(Object(Illuminate\\Routing\\Route), Object(Illuminate\\Http\\Request))
#42 C:\\Users\\derva\\Desktop\\movie-recommendation\\vendor\\laravel\\framework\\src\\Illuminate\\Routing\\Router.php(662): Illuminate\\Routing\\Router->runRoute(Object(Illuminate\\Http\\Request), Object(Illuminate\\Routing\\Route))
#43 C:\\Users\\derva\\Desktop\\movie-recommendation\\vendor\\laravel\\framework\\src\\Illuminate\\Routing\\Router.php(651): Illuminate\\Routing\\Router->dispatchToRoute(Object(Illuminate\\Http\\Request))
#44 C:\\Users\\derva\\Desktop\\movie-recommendation\\vendor\\laravel\\framework\\src\\Illuminate\\Foundation\\Http\\Kernel.php(167): Illuminate\\Routing\\Router->dispatch(Object(Illuminate\\Http\\Request))
#45 C:\\Users\\derva\\Desktop\\movie-recommendation\\vendor\\laravel\\framework\\src\\Illuminate\\Pipeline\\Pipeline.php(128): Illuminate\\Foundation\\Http\\Kernel->{closure:Illuminate\\Foundation\\Http\\Kernel::dispatchToRouter():164}(Object(Illuminate\\Http\\Request))
#46 C:\\Users\\derva\\Desktop\\movie-recommendation\\vendor\\laravel\\framework\\src\\Illuminate\\Foundation\\Http\\Middleware\\TransformsRequest.php(21): Illuminate\\Pipeline\\Pipeline->{closure:Illuminate\\Pipeline\\Pipeline::prepareDestination():126}(Object(Illuminate\\Http\\Request))
#47 C:\\Users\\derva\\Desktop\\movie-recommendation\\vendor\\laravel\\framework\\src\\Illuminate\\Foundation\\Http\\Middleware\\ConvertEmptyStringsToNull.php(31): Illuminate\\Foundation\\Http\\Middleware\\TransformsRequest->handle(Object(Illuminate\\Http\\Request), Object(Closure))
#48 C:\\Users\\derva\\Desktop\\movie-recommendation\\vendor\\laravel\\framework\\src\\Illuminate\\Pipeline\\Pipeline.php(167): Illuminate\\Foundation\\Http\\Middleware\\ConvertEmptyStringsToNull->handle(Object(Illuminate\\Http\\Request), Object(Closure))
#49 C:\\Users\\derva\\Desktop\\movie-recommendation\\vendor\\laravel\\framework\\src\\Illuminate\\Foundation\\Http\\Middleware\\TransformsRequest.php(21): Illuminate\\Pipeline\\Pipeline->{closure:{closure:Illuminate\\Pipeline\\Pipeline::carry():142}:143}(Object(Illuminate\\Http\\Request))
#50 C:\\Users\\derva\\Desktop\\movie-recommendation\\vendor\\laravel\\framework\\src\\Illuminate\\Foundation\\Http\\Middleware\\TrimStrings.php(40): Illuminate\\Foundation\\Http\\Middleware\\TransformsRequest->handle(Object(Illuminate\\Http\\Request), Object(Closure))
#51 C:\\Users\\derva\\Desktop\\movie-recommendation\\vendor\\laravel\\framework\\src\\Illuminate\\Pipeline\\Pipeline.php(167): Illuminate\\Foundation\\Http\\Middleware\\TrimStrings->handle(Object(Illuminate\\Http\\Request), Object(Closure))
#52 C:\\Users\\derva\\Desktop\\movie-recommendation\\vendor\\laravel\\framework\\src\\Illuminate\\Foundation\\Http\\Middleware\\ValidatePostSize.php(27): Illuminate\\Pipeline\\Pipeline->{closure:{closure:Illuminate\\Pipeline\\Pipeline::carry():142}:143}(Object(Illuminate\\Http\\Request))
#53 C:\\Users\\derva\\Desktop\\movie-recommendation\\vendor\\laravel\\framework\\src\\Illuminate\\Pipeline\\Pipeline.php(167): Illuminate\\Foundation\\Http\\Middleware\\ValidatePostSize->handle(Object(Illuminate\\Http\\Request), Object(Closure))
#54 C:\\Users\\derva\\Desktop\\movie-recommendation\\vendor\\laravel\\framework\\src\\Illuminate\\Foundation\\Http\\Middleware\\PreventRequestsDuringMaintenance.php(86): Illuminate\\Pipeline\\Pipeline->{closure:{closure:Illuminate\\Pipeline\\Pipeline::carry():142}:143}(Object(Illuminate\\Http\\Request))
#55 C:\\Users\\derva\\Desktop\\movie-recommendation\\vendor\\laravel\\framework\\src\\Illuminate\\Pipeline\\Pipeline.php(167): Illuminate\\Foundation\\Http\\Middleware\\PreventRequestsDuringMaintenance->handle(Object(Illuminate\\Http\\Request), Object(Closure))
#56 C:\\Users\\derva\\Desktop\\movie-recommendation\\vendor\\fruitcake\\laravel-cors\\src\\HandleCors.php(52): Illuminate\\Pipeline\\Pipeline->{closure:{closure:Illuminate\\Pipeline\\Pipeline::carry():142}:143}(Object(Illuminate\\Http\\Request))
#57 C:\\Users\\derva\\Desktop\\movie-recommendation\\vendor\\laravel\\framework\\src\\Illuminate\\Pipeline\\Pipeline.php(167): Fruitcake\\Cors\\HandleCors->handle(Object(Illuminate\\Http\\Request), Object(Closure))
#58 C:\\Users\\derva\\Desktop\\movie-recommendation\\vendor\\fideloper\\proxy\\src\\TrustProxies.php(57): Illuminate\\Pipeline\\Pipeline->{closure:{closure:Illuminate\\Pipeline\\Pipeline::carry():142}:143}(Object(Illuminate\\Http\\Request))
#59 C:\\Users\\derva\\Desktop\\movie-recommendation\\vendor\\laravel\\framework\\src\\Illuminate\\Pipeline\\Pipeline.php(167): Fideloper\\Proxy\\TrustProxies->handle(Object(Illuminate\\Http\\Request), Object(Closure))
#60 C:\\Users\\derva\\Desktop\\movie-recommendation\\vendor\\laravel\\framework\\src\\Illuminate\\Pipeline\\Pipeline.php(103): Illuminate\\Pipeline\\Pipeline->{closure:{closure:Illuminate\\Pipeline\\Pipeline::carry():142}:143}(Object(Illuminate\\Http\\Request))
#61 C:\\Users\\derva\\Desktop\\movie-recommendation\\vendor\\laravel\\framework\\src\\Illuminate\\Foundation\\Http\\Kernel.php(142): Illuminate\\Pipeline\\Pipeline->then(Object(Closure))
#62 C:\\Users\\derva\\Desktop\\movie-recommendation\\vendor\\laravel\\framework\\src\\Illuminate\\Foundation\\Http\\Kernel.php(111): Illuminate\\Foundation\\Http\\Kernel->sendRequestThroughRouter(Object(Illuminate\\Http\\Request))
#63 C:\\Users\\derva\\Desktop\\movie-recommendation\\public\\index.php(51): Illuminate\\Foundation\\Http\\Kernel->handle(Object(Illuminate\\Http\\Request))
#64 C:\\Users\\derva\\Desktop\\movie-recommendation\\server.php(21): require_once('C:\\\\Users\\\\derva\\\\...')
#65 {main}
"} 
[2026-03-29 10:38:52] local.ERROR: SQLSTATE[HY000] [1049] Unknown database 'laravel' (SQL: select count(*) as aggregate from `users` where `email` = dervanovicaisa@gmail.com) {"exception":"[object] (Illuminate\\Database\\QueryException(code: 1049): SQLSTATE[HY000] [1049] Unknown database 'laravel' (SQL: select count(*) as aggregate from `users` where `email` = dervanovicaisa@gmail.com) at C:\\Users\\derva\\Desktop\\movie-recommendation\\vendor\\laravel\\framework\\src\\Illuminate\\Database\\Connection.php:712)
[stacktrace]
#0 C:\\Users\\derva\\Desktop\\movie-recommendation\\vendor\\laravel\\framework\\src\\Illuminate\\Database\\Connection.php(672): Illuminate\\Database\\Connection->runQueryCallback('select count(*)...', Array, Object(Closure))
#1 C:\\Users\\derva\\Desktop\\movie-recommendation\\vendor\\laravel\\framework\\src\\Illuminate\\Database\\Connection.php(359): Illuminate\\Database\\Connection->run('select count(*)...', Array, Object(Closure))
#2 C:\\Users\\derva\\Desktop\\movie-recommendation\\vendor\\laravel\\framework\\src\\Illuminate\\Database\\Query\\Builder.php(2413): Illuminate\\Database\\Connection->select('select count(*)...', Array, false)
#3 C:\\Users\\derva\\Desktop\\movie-recommendation\\vendor\\laravel\\framework\\src\\Illuminate\\Database\\Query\\Builder.php(2402): Illuminate\\Database\\Query\\Builder->runSelect()
#4 C:\\Users\\derva\\Desktop\\movie-recommendation\\vendor\\laravel\\framework\\src\\Illuminate\\Database\\Query\\Builder.php(2936): Illuminate\\Database\\Query\\Builder->{closure:Illuminate\\Database\\Query\\Builder::get():2401}()
#5 C:\\Users\\derva\\Desktop\\movie-recommendation\\vendor\\laravel\\framework\\src\\Illuminate\\Database\\Query\\Builder.php(2401): Illuminate\\Database\\Query\\Builder->onceWithColumns(Array, Object(Closure))
#6 C:\\Users\\derva\\Desktop\\movie-recommendation\\vendor\\laravel\\framework\\src\\Illuminate\\Database\\Query\\Builder.php(2863): Illuminate\\Database\\Query\\Builder->get(Array)
#7 C:\\Users\\derva\\Desktop\\movie-recommendation\\vendor\\laravel\\framework\\src\\Illuminate\\Database\\Query\\Builder.php(2791): Illuminate\\Database\\Query\\Builder->aggregate('count', Array)
#8 C:\\Users\\derva\\Desktop\\movie-recommendation\\vendor\\laravel\\framework\\src\\Illuminate\\Validation\\DatabasePresenceVerifier.php(55): Illuminate\\Database\\Query\\Builder->count()
#9 C:\\Users\\derva\\Desktop\\movie-recommendation\\vendor\\laravel\\framework\\src\\Illuminate\\Validation\\Concerns\\ValidatesAttributes.php(855): Illuminate\\Validation\\DatabasePresenceVerifier->getCount('users', 'email', 'dervanovicaisa@...', NULL, NULL, Array)
#10 C:\\Users\\derva\\Desktop\\movie-recommendation\\vendor\\laravel\\framework\\src\\Illuminate\\Validation\\Validator.php(610): Illuminate\\Validation\\Validator->validateUnique('email', 'dervanovicaisa@...', Array, Object(Illuminate\\Validation\\Validator))
#11 C:\\Users\\derva\\Desktop\\movie-recommendation\\vendor\\laravel\\framework\\src\\Illuminate\\Validation\\Validator.php(416): Illuminate\\Validation\\Validator->validateAttribute('email', 'Unique')
#12 C:\\Users\\derva\\Desktop\\movie-recommendation\\vendor\\laravel\\framework\\src\\Illuminate\\Validation\\Validator.php(447): Illuminate\\Validation\\Validator->passes()
#13 C:\\Users\\derva\\Desktop\\movie-recommendation\\vendor\\laravel\\framework\\src\\Illuminate\\Validation\\Validator.php(489): Illuminate\\Validation\\Validator->fails()
#14 C:\\Users\\derva\\Desktop\\movie-recommendation\\vendor\\laravel\\framework\\src\\Illuminate\\Validation\\Factory.php(145): Illuminate\\Validation\\Validator->validate()
#15 C:\\Users\\derva\\Desktop\\movie-recommendation\\vendor\\laravel\\framework\\src\\Illuminate\\Foundation\\Providers\\FoundationServiceProvider.php(63): Illuminate\\Validation\\Factory->validate(Array, Array)
#16 C:\\Users\\derva\\Desktop\\movie-recommendation\\vendor\\laravel\\framework\\src\\Illuminate\\Macroable\\Traits\\Macroable.php(124): Illuminate\\Http\\Request->{closure:Illuminate\\Foundation\\Providers\\FoundationServiceProvider::registerRequestValidation():62}(Array)
#17 C:\\Users\\derva\\Desktop\\movie-recommendation\\app\\Http\\Controllers\\AuthController.php(34): Illuminate\\Http\\Request->__call('validate', Array)
#18 C:\\Users\\derva\\Desktop\\movie-recommendation\\vendor\\laravel\\framework\\src\\Illuminate\\Routing\\Controller.php(54): App\\Http\\Controllers\\AuthController->register(Object(Illuminate\\Http\\Request))
#19 C:\\Users\\derva\\Desktop\\movie-recommendation\\vendor\\laravel\\framework\\src\\Illuminate\\Routing\\ControllerDispatcher.php(45): Illuminate\\Routing\\Controller->callAction('register', Array)
#20 C:\\Users\\derva\\Desktop\\movie-recommendation\\vendor\\laravel\\framework\\src\\Illuminate\\Routing\\Route.php(261): Illuminate\\Routing\\ControllerDispatcher->dispatch(Object(Illuminate\\Routing\\Route), Object(App\\Http\\Controllers\\AuthController), 'register')
#21 C:\\Users\\derva\\Desktop\\movie-recommendation\\vendor\\laravel\\framework\\src\\Illuminate\\Routing\\Route.php(205): Illuminate\\Routing\\Route->runController()
#22 C:\\Users\\derva\\Desktop\\movie-recommendation\\vendor\\laravel\\framework\\src\\Illuminate\\Routing\\Router.php(721): Illuminate\\Routing\\Route->run()
#23 C:\\Users\\derva\\Desktop\\movie-recommendation\\vendor\\laravel\\framework\\src\\Illuminate\\Pipeline\\Pipeline.php(128): Illuminate\\Routing\\Router->{closure:Illuminate\\Routing\\Router::runRouteWithinStack():719}(Object(Illuminate\\Http\\Request))
#24 C:\\Users\\derva\\Desktop\\movie-recommendation\\vendor\\laravel\\framework\\src\\Illuminate\\Routing\\Middleware\\SubstituteBindings.php(50): Illuminate\\Pipeline\\Pipeline->{closure:Illuminate\\Pipeline\\Pipeline::prepareDestination():126}(Object(Illuminate\\Http\\Request))
#25 C:\\Users\\derva\\Desktop\\movie-recommendation\\vendor\\laravel\\framework\\src\\Illuminate\\Pipeline\\Pipeline.php(167): Illuminate\\Routing\\Middleware\\SubstituteBindings->handle(Object(Illuminate\\Http\\Request), Object(Closure))
#26 C:\\Users\\derva\\Desktop\\movie-recommendation\\vendor\\laravel\\framework\\src\\Illuminate\\Routing\\Middleware\\ThrottleRequests.php(127): Illuminate\\Pipeline\\Pipeline->{closure:{closure:Illuminate\\Pipeline\\Pipeline::carry():142}:143}(Object(Illuminate\\Http\\Request))
#27 C:\\Users\\derva\\Desktop\\movie-recommendation\\vendor\\laravel\\framework\\src\\Illuminate\\Routing\\Middleware\\ThrottleRequests.php(93): Illuminate\\Routing\\Middleware\\ThrottleRequests->handleRequest(Object(Illuminate\\Http\\Request), Object(Closure), Array)
#28 C:\\Users\\derva\\Desktop\\movie-recommendation\\vendor\\laravel\\framework\\src\\Illuminate\\Routing\\Middleware\\ThrottleRequests.php(55): Illuminate\\Routing\\Middleware\\ThrottleRequests->handleRequestUsingNamedLimiter(Object(Illuminate\\Http\\Request), Object(Closure), 'api', Object(Closure))
#29 C:\\Users\\derva\\Desktop\\movie-recommendation\\vendor\\laravel\\framework\\src\\Illuminate\\Pipeline\\Pipeline.php(167): Illuminate\\Routing\\Middleware\\ThrottleRequests->handle(Object(Illuminate\\Http\\Request), Object(Closure), 'api')
#30 C:\\Users\\derva\\Desktop\\movie-recommendation\\vendor\\laravel\\framework\\src\\Illuminate\\Pipeline\\Pipeline.php(103): Illuminate\\Pipeline\\Pipeline->{closure:{closure:Illuminate\\Pipeline\\Pipeline::carry():142}:143}(Object(Illuminate\\Http\\Request))
#31 C:\\Users\\derva\\Desktop\\movie-recommendation\\vendor\\laravel\\framework\\src\\Illuminate\\Routing\\Router.php(719): Illuminate\\Pipeline\\Pipeline->then(Object(Closure))
#32 C:\\Users\\derva\\Desktop\\movie-recommendation\\vendor\\laravel\\framework\\src\\Illuminate\\Routing\\Router.php(698): Illuminate\\Routing\\Router->runRouteWithinStack(Object(Illuminate\\Routing\\Route), Object(Illuminate\\Http\\Request))
#33 C:\\Users\\derva\\Desktop\\movie-recommendation\\vendor\\laravel\\framework\\src\\Illuminate\\Routing\\Router.php(662): Illuminate\\Routing\\Router->runRoute(Object(Illuminate\\Http\\Request), Object(Illuminate\\Routing\\Route))
#34 C:\\Users\\derva\\Desktop\\movie-recommendation\\vendor\\laravel\\framework\\src\\Illuminate\\Routing\\Router.php(651): Illuminate\\Routing\\Router->dispatchToRoute(Object(Illuminate\\Http\\Request))
#35 C:\\Users\\derva\\Desktop\\movie-recommendation\\vendor\\laravel\\framework\\src\\Illuminate\\Foundation\\Http\\Kernel.php(167): Illuminate\\Routing\\Router->dispatch(Object(Illuminate\\Http\\Request))
#36 C:\\Users\\derva\\Desktop\\movie-recommendation\\vendor\\laravel\\framework\\src\\Illuminate\\Pipeline\\Pipeline.php(128): Illuminate\\Foundation\\Http\\Kernel->{closure:Illuminate\\Foundation\\Http\\Kernel::dispatchToRouter():164}(Object(Illuminate\\Http\\Request))
#37 C:\\Users\\derva\\Desktop\\movie-recommendation\\vendor\\laravel\\framework\\src\\Illuminate\\Foundation\\Http\\Middleware\\TransformsRequest.php(21): Illuminate\\Pipeline\\Pipeline->{closure:Illuminate\\Pipeline\\Pipeline::prepareDestination():126}(Object(Illuminate\\Http\\Request))
#38 C:\\Users\\derva\\Desktop\\movie-recommendation\\vendor\\laravel\\framework\\src\\Illuminate\\Foundation\\Http\\Middleware\\ConvertEmptyStringsToNull.php(31): Illuminate\\Foundation\\Http\\Middleware\\TransformsRequest->handle(Object(Illuminate\\Http\\Request), Object(Closure))
#39 C:\\Users\\derva\\Desktop\\movie-recommendation\\vendor\\laravel\\framework\\src\\Illuminate\\Pipeline\\Pipeline.php(167): Illuminate\\Foundation\\Http\\Middleware\\ConvertEmptyStringsToNull->handle(Object(Illuminate\\Http\\Request), Object(Closure))
#40 C:\\Users\\derva\\Desktop\\movie-recommendation\\vendor\\laravel\\framework\\src\\Illuminate\\Foundation\\Http\\Middleware\\TransformsRequest.php(21): Illuminate\\Pipeline\\Pipeline->{closure:{closure:Illuminate\\Pipeline\\Pipeline::carry():142}:143}(Object(Illuminate\\Http\\Request))
#41 C:\\Users\\derva\\Desktop\\movie-recommendation\\vendor\\laravel\\framework\\src\\Illuminate\\Foundation\\Http\\Middleware\\TrimStrings.php(40): Illuminate\\Foundation\\Http\\Middleware\\TransformsRequest->handle(Object(Illuminate\\Http\\Request), Object(Closure))
#42 C:\\Users\\derva\\Desktop\\movie-recommendation\\vendor\\laravel\\framework\\src\\Illuminate\\Pipeline\\Pipeline.php(167): Illuminate\\Foundation\\Http\\Middleware\\TrimStrings->handle(Object(Illuminate\\Http\\Request), Object(Closure))
#43 C:\\Users\\derva\\Desktop\\movie-recommendation\\vendor\\laravel\\framework\\src\\Illuminate\\Foundation\\Http\\Middleware\\ValidatePostSize.php(27): Illuminate\\Pipeline\\Pipeline->{closure:{closure:Illuminate\\Pipeline\\Pipeline::carry():142}:143}(Object(Illuminate\\Http\\Request))
#44 C:\\Users\\derva\\Desktop\\movie-recommendation\\vendor\\laravel\\framework\\src\\Illuminate\\Pipeline\\Pipeline.php(167): Illuminate\\Foundation\\Http\\Middleware\\ValidatePostSize->handle(Object(Illuminate\\Http\\Request), Object(Closure))
#45 C:\\Users\\derva\\Desktop\\movie-recommendation\\vendor\\laravel\\framework\\src\\Illuminate\\Foundation\\Http\\Middleware\\PreventRequestsDuringMaintenance.php(86): Illuminate\\Pipeline\\Pipeline->{closure:{closure:Illuminate\\Pipeline\\Pipeline::carry():142}:143}(Object(Illuminate\\Http\\Request))
#46 C:\\Users\\derva\\Desktop\\movie-recommendation\\vendor\\laravel\\framework\\src\\Illuminate\\Pipeline\\Pipeline.php(167): Illuminate\\Foundation\\Http\\Middleware\\PreventRequestsDuringMaintenance->handle(Object(Illuminate\\Http\\Request), Object(Closure))
#47 C:\\Users\\derva\\Desktop\\movie-recommendation\\vendor\\fruitcake\\laravel-cors\\src\\HandleCors.php(52): Illuminate\\Pipeline\\Pipeline->{closure:{closure:Illuminate\\Pipeline\\Pipeline::carry():142}:143}(Object(Illuminate\\Http\\Request))
#48 C:\\Users\\derva\\Desktop\\movie-recommendation\\vendor\\laravel\\framework\\src\\Illuminate\\Pipeline\\Pipeline.php(167): Fruitcake\\Cors\\HandleCors->handle(Object(Illuminate\\Http\\Request), Object(Closure))
#49 C:\\Users\\derva\\Desktop\\movie-recommendation\\vendor\\fideloper\\proxy\\src\\TrustProxies.php(57): Illuminate\\Pipeline\\Pipeline->{closure:{closure:Illuminate\\Pipeline\\Pipeline::carry():142}:143}(Object(Illuminate\\Http\\Request))
#50 C:\\Users\\derva\\Desktop\\movie-recommendation\\vendor\\laravel\\framework\\src\\Illuminate\\Pipeline\\Pipeline.php(167): Fideloper\\Proxy\\TrustProxies->handle(Object(Illuminate\\Http\\Request), Object(Closure))
#51 C:\\Users\\derva\\Desktop\\movie-recommendation\\vendor\\laravel\\framework\\src\\Illuminate\\Pipeline\\Pipeline.php(103): Illuminate\\Pipeline\\Pipeline->{closure:{closure:Illuminate\\Pipeline\\Pipeline::carry():142}:143}(Object(Illuminate\\Http\\Request))
#52 C:\\Users\\derva\\Desktop\\movie-recommendation\\vendor\\laravel\\framework\\src\\Illuminate\\Foundation\\Http\\Kernel.php(142): Illuminate\\Pipeline\\Pipeline->then(Object(Closure))
#53 C:\\Users\\derva\\Desktop\\movie-recommendation\\vendor\\laravel\\framework\\src\\Illuminate\\Foundation\\Http\\Kernel.php(111): Illuminate\\Foundation\\Http\\Kernel->sendRequestThroughRouter(Object(Illuminate\\Http\\Request))
#54 C:\\Users\\derva\\Desktop\\movie-recommendation\\public\\index.php(51): Illuminate\\Foundation\\Http\\Kernel->handle(Object(Illuminate\\Http\\Request))
#55 C:\\Users\\derva\\Desktop\\movie-recommendation\\server.php(21): require_once('C:\\\\Users\\\\derva\\\\...')
#56 {main}

[previous exception] [object] (PDOException(code: 1049): SQLSTATE[HY000] [1049] Unknown database 'laravel' at C:\\Users\\derva\\Desktop\\movie-recommendation\\vendor\\laravel\\framework\\src\\Illuminate\\Database\\Connectors\\Connector.php:70)
[stacktrace]
#0 C:\\Users\\derva\\Desktop\\movie-recommendation\\vendor\\laravel\\framework\\src\\Illuminate\\Database\\Connectors\\Connector.php(70): PDO->__construct('mysql:host=127....', 'root', Object(SensitiveParameterValue), Array)
#1 C:\\Users\\derva\\Desktop\\movie-recommendation\\vendor\\laravel\\framework\\src\\Illuminate\\Database\\Connectors\\Connector.php(45): Illuminate\\Database\\Connectors\\Connector->createPdoConnection('mysql:host=127....', 'root', '', Array)
#2 C:\\Users\\derva\\Desktop\\movie-recommendation\\vendor\\laravel\\framework\\src\\Illuminate\\Database\\Connectors\\MySqlConnector.php(24): Illuminate\\Database\\Connectors\\Connector->createConnection('mysql:host=127....', Array, Array)
#3 C:\\Users\\derva\\Desktop\\movie-recommendation\\vendor\\laravel\\framework\\src\\Illuminate\\Database\\Connectors\\ConnectionFactory.php(184): Illuminate\\Database\\Connectors\\MySqlConnector->connect(Array)
#4 [internal function]: Illuminate\\Database\\Connectors\\ConnectionFactory->{closure:Illuminate\\Database\\Connectors\\ConnectionFactory::createPdoResolverWithHosts():179}()
#5 C:\\Users\\derva\\Desktop\\movie-recommendation\\vendor\\laravel\\framework\\src\\Illuminate\\Database\\Connection.php(1064): call_user_func(Object(Closure))
#6 C:\\Users\\derva\\Desktop\\movie-recommendation\\vendor\\laravel\\framework\\src\\Illuminate\\Database\\Connection.php(442): Illuminate\\Database\\Connection->getPdo()
#7 C:\\Users\\derva\\Desktop\\movie-recommendation\\vendor\\laravel\\framework\\src\\Illuminate\\Database\\Connection.php(368): Illuminate\\Database\\Connection->getPdoForSelect(false)
#8 C:\\Users\\derva\\Desktop\\movie-recommendation\\vendor\\laravel\\framework\\src\\Illuminate\\Database\\Connection.php(705): Illuminate\\Database\\Connection->{closure:Illuminate\\Database\\Connection::select():359}('select count(*)...', Array)
#9 C:\\Users\\derva\\Desktop\\movie-recommendation\\vendor\\laravel\\framework\\src\\Illuminate\\Database\\Connection.php(672): Illuminate\\Database\\Connection->runQueryCallback('select count(*)...', Array, Object(Closure))
#10 C:\\Users\\derva\\Desktop\\movie-recommendation\\vendor\\laravel\\framework\\src\\Illuminate\\Database\\Connection.php(359): Illuminate\\Database\\Connection->run('select count(*)...', Array, Object(Closure))
#11 C:\\Users\\derva\\Desktop\\movie-recommendation\\vendor\\laravel\\framework\\src\\Illuminate\\Database\\Query\\Builder.php(2413): Illuminate\\Database\\Connection->select('select count(*)...', Array, false)
#12 C:\\Users\\derva\\Desktop\\movie-recommendation\\vendor\\laravel\\framework\\src\\Illuminate\\Database\\Query\\Builder.php(2402): Illuminate\\Database\\Query\\Builder->runSelect()
#13 C:\\Users\\derva\\Desktop\\movie-recommendation\\vendor\\laravel\\framework\\src\\Illuminate\\Database\\Query\\Builder.php(2936): Illuminate\\Database\\Query\\Builder->{closure:Illuminate\\Database\\Query\\Builder::get():2401}()
#14 C:\\Users\\derva\\Desktop\\movie-recommendation\\vendor\\laravel\\framework\\src\\Illuminate\\Database\\Query\\Builder.php(2401): Illuminate\\Database\\Query\\Builder->onceWithColumns(Array, Object(Closure))
#15 C:\\Users\\derva\\Desktop\\movie-recommendation\\vendor\\laravel\\framework\\src\\Illuminate\\Database\\Query\\Builder.php(2863): Illuminate\\Database\\Query\\Builder->get(Array)
#16 C:\\Users\\derva\\Desktop\\movie-recommendation\\vendor\\laravel\\framework\\src\\Illuminate\\Database\\Query\\Builder.php(2791): Illuminate\\Database\\Query\\Builder->aggregate('count', Array)
#17 C:\\Users\\derva\\Desktop\\movie-recommendation\\vendor\\laravel\\framework\\src\\Illuminate\\Validation\\DatabasePresenceVerifier.php(55): Illuminate\\Database\\Query\\Builder->count()
#18 C:\\Users\\derva\\Desktop\\movie-recommendation\\vendor\\laravel\\framework\\src\\Illuminate\\Validation\\Concerns\\ValidatesAttributes.php(855): Illuminate\\Validation\\DatabasePresenceVerifier->getCount('users', 'email', 'dervanovicaisa@...', NULL, NULL, Array)
#19 C:\\Users\\derva\\Desktop\\movie-recommendation\\vendor\\laravel\\framework\\src\\Illuminate\\Validation\\Validator.php(610): Illuminate\\Validation\\Validator->validateUnique('email', 'dervanovicaisa@...', Array, Object(Illuminate\\Validation\\Validator))
#20 C:\\Users\\derva\\Desktop\\movie-recommendation\\vendor\\laravel\\framework\\src\\Illuminate\\Validation\\Validator.php(416): Illuminate\\Validation\\Validator->validateAttribute('email', 'Unique')
#21 C:\\Users\\derva\\Desktop\\movie-recommendation\\vendor\\laravel\\framework\\src\\Illuminate\\Validation\\Validator.php(447): Illuminate\\Validation\\Validator->passes()
#22 C:\\Users\\derva\\Desktop\\movie-recommendation\\vendor\\laravel\\framework\\src\\Illuminate\\Validation\\Validator.php(489): Illuminate\\Validation\\Validator->fails()
#23 C:\\Users\\derva\\Desktop\\movie-recommendation\\vendor\\laravel\\framework\\src\\Illuminate\\Validation\\Factory.php(145): Illuminate\\Validation\\Validator->validate()
#24 C:\\Users\\derva\\Desktop\\movie-recommendation\\vendor\\laravel\\framework\\src\\Illuminate\\Foundation\\Providers\\FoundationServiceProvider.php(63): Illuminate\\Validation\\Factory->validate(Array, Array)
#25 C:\\Users\\derva\\Desktop\\movie-recommendation\\vendor\\laravel\\framework\\src\\Illuminate\\Macroable\\Traits\\Macroable.php(124): Illuminate\\Http\\Request->{closure:Illuminate\\Foundation\\Providers\\FoundationServiceProvider::registerRequestValidation():62}(Array)
#26 C:\\Users\\derva\\Desktop\\movie-recommendation\\app\\Http\\Controllers\\AuthController.php(34): Illuminate\\Http\\Request->__call('validate', Array)
#27 C:\\Users\\derva\\Desktop\\movie-recommendation\\vendor\\laravel\\framework\\src\\Illuminate\\Routing\\Controller.php(54): App\\Http\\Controllers\\AuthController->register(Object(Illuminate\\Http\\Request))
#28 C:\\Users\\derva\\Desktop\\movie-recommendation\\vendor\\laravel\\framework\\src\\Illuminate\\Routing\\ControllerDispatcher.php(45): Illuminate\\Routing\\Controller->callAction('register', Array)
#29 C:\\Users\\derva\\Desktop\\movie-recommendation\\vendor\\laravel\\framework\\src\\Illuminate\\Routing\\Route.php(261): Illuminate\\Routing\\ControllerDispatcher->dispatch(Object(Illuminate\\Routing\\Route), Object(App\\Http\\Controllers\\AuthController), 'register')
#30 C:\\Users\\derva\\Desktop\\movie-recommendation\\vendor\\laravel\\framework\\src\\Illuminate\\Routing\\Route.php(205): Illuminate\\Routing\\Route->runController()
#31 C:\\Users\\derva\\Desktop\\movie-recommendation\\vendor\\laravel\\framework\\src\\Illuminate\\Routing\\Router.php(721): Illuminate\\Routing\\Route->run()
#32 C:\\Users\\derva\\Desktop\\movie-recommendation\\vendor\\laravel\\framework\\src\\Illuminate\\Pipeline\\Pipeline.php(128): Illuminate\\Routing\\Router->{closure:Illuminate\\Routing\\Router::runRouteWithinStack():719}(Object(Illuminate\\Http\\Request))
#33 C:\\Users\\derva\\Desktop\\movie-recommendation\\vendor\\laravel\\framework\\src\\Illuminate\\Routing\\Middleware\\SubstituteBindings.php(50): Illuminate\\Pipeline\\Pipeline->{closure:Illuminate\\Pipeline\\Pipeline::prepareDestination():126}(Object(Illuminate\\Http\\Request))
#34 C:\\Users\\derva\\Desktop\\movie-recommendation\\vendor\\laravel\\framework\\src\\Illuminate\\Pipeline\\Pipeline.php(167): Illuminate\\Routing\\Middleware\\SubstituteBindings->handle(Object(Illuminate\\Http\\Request), Object(Closure))
#35 C:\\Users\\derva\\Desktop\\movie-recommendation\\vendor\\laravel\\framework\\src\\Illuminate\\Routing\\Middleware\\ThrottleRequests.php(127): Illuminate\\Pipeline\\Pipeline->{closure:{closure:Illuminate\\Pipeline\\Pipeline::carry():142}:143}(Object(Illuminate\\Http\\Request))
#36 C:\\Users\\derva\\Desktop\\movie-recommendation\\vendor\\laravel\\framework\\src\\Illuminate\\Routing\\Middleware\\ThrottleRequests.php(93): Illuminate\\Routing\\Middleware\\ThrottleRequests->handleRequest(Object(Illuminate\\Http\\Request), Object(Closure), Array)
#37 C:\\Users\\derva\\Desktop\\movie-recommendation\\vendor\\laravel\\framework\\src\\Illuminate\\Routing\\Middleware\\ThrottleRequests.php(55): Illuminate\\Routing\\Middleware\\ThrottleRequests->handleRequestUsingNamedLimiter(Object(Illuminate\\Http\\Request), Object(Closure), 'api', Object(Closure))
#38 C:\\Users\\derva\\Desktop\\movie-recommendation\\vendor\\laravel\\framework\\src\\Illuminate\\Pipeline\\Pipeline.php(167): Illuminate\\Routing\\Middleware\\ThrottleRequests->handle(Object(Illuminate\\Http\\Request), Object(Closure), 'api')
#39 C:\\Users\\derva\\Desktop\\movie-recommendation\\vendor\\laravel\\framework\\src\\Illuminate\\Pipeline\\Pipeline.php(103): Illuminate\\Pipeline\\Pipeline->{closure:{closure:Illuminate\\Pipeline\\Pipeline::carry():142}:143}(Object(Illuminate\\Http\\Request))
#40 C:\\Users\\derva\\Desktop\\movie-recommendation\\vendor\\laravel\\framework\\src\\Illuminate\\Routing\\Router.php(719): Illuminate\\Pipeline\\Pipeline->then(Object(Closure))
#41 C:\\Users\\derva\\Desktop\\movie-recommendation\\vendor\\laravel\\framework\\src\\Illuminate\\Routing\\Router.php(698): Illuminate\\Routing\\Router->runRouteWithinStack(Object(Illuminate\\Routing\\Route), Object(Illuminate\\Http\\Request))
#42 C:\\Users\\derva\\Desktop\\movie-recommendation\\vendor\\laravel\\framework\\src\\Illuminate\\Routing\\Router.php(662): Illuminate\\Routing\\Router->runRoute(Object(Illuminate\\Http\\Request), Object(Illuminate\\Routing\\Route))
#43 C:\\Users\\derva\\Desktop\\movie-recommendation\\vendor\\laravel\\framework\\src\\Illuminate\\Routing\\Router.php(651): Illuminate\\Routing\\Router->dispatchToRoute(Object(Illuminate\\Http\\Request))
#44 C:\\Users\\derva\\Desktop\\movie-recommendation\\vendor\\laravel\\framework\\src\\Illuminate\\Foundation\\Http\\Kernel.php(167): Illuminate\\Routing\\Router->dispatch(Object(Illuminate\\Http\\Request))
#45 C:\\Users\\derva\\Desktop\\movie-recommendation\\vendor\\laravel\\framework\\src\\Illuminate\\Pipeline\\Pipeline.php(128): Illuminate\\Foundation\\Http\\Kernel->{closure:Illuminate\\Foundation\\Http\\Kernel::dispatchToRouter():164}(Object(Illuminate\\Http\\Request))
#46 C:\\Users\\derva\\Desktop\\movie-recommendation\\vendor\\laravel\\framework\\src\\Illuminate\\Foundation\\Http\\Middleware\\TransformsRequest.php(21): Illuminate\\Pipeline\\Pipeline->{closure:Illuminate\\Pipeline\\Pipeline::prepareDestination():126}(Object(Illuminate\\Http\\Request))
#47 C:\\Users\\derva\\Desktop\\movie-recommendation\\vendor\\laravel\\framework\\src\\Illuminate\\Foundation\\Http\\Middleware\\ConvertEmptyStringsToNull.php(31): Illuminate\\Foundation\\Http\\Middleware\\TransformsRequest->handle(Object(Illuminate\\Http\\Request), Object(Closure))
#48 C:\\Users\\derva\\Desktop\\movie-recommendation\\vendor\\laravel\\framework\\src\\Illuminate\\Pipeline\\Pipeline.php(167): Illuminate\\Foundation\\Http\\Middleware\\ConvertEmptyStringsToNull->handle(Object(Illuminate\\Http\\Request), Object(Closure))
#49 C:\\Users\\derva\\Desktop\\movie-recommendation\\vendor\\laravel\\framework\\src\\Illuminate\\Foundation\\Http\\Middleware\\TransformsRequest.php(21): Illuminate\\Pipeline\\Pipeline->{closure:{closure:Illuminate\\Pipeline\\Pipeline::carry():142}:143}(Object(Illuminate\\Http\\Request))
#50 C:\\Users\\derva\\Desktop\\movie-recommendation\\vendor\\laravel\\framework\\src\\Illuminate\\Foundation\\Http\\Middleware\\TrimStrings.php(40): Illuminate\\Foundation\\Http\\Middleware\\TransformsRequest->handle(Object(Illuminate\\Http\\Request), Object(Closure))
#51 C:\\Users\\derva\\Desktop\\movie-recommendation\\vendor\\laravel\\framework\\src\\Illuminate\\Pipeline\\Pipeline.php(167): Illuminate\\Foundation\\Http\\Middleware\\TrimStrings->handle(Object(Illuminate\\Http\\Request), Object(Closure))
#52 C:\\Users\\derva\\Desktop\\movie-recommendation\\vendor\\laravel\\framework\\src\\Illuminate\\Foundation\\Http\\Middleware\\ValidatePostSize.php(27): Illuminate\\Pipeline\\Pipeline->{closure:{closure:Illuminate\\Pipeline\\Pipeline::carry():142}:143}(Object(Illuminate\\Http\\Request))
#53 C:\\Users\\derva\\Desktop\\movie-recommendation\\vendor\\laravel\\framework\\src\\Illuminate\\Pipeline\\Pipeline.php(167): Illuminate\\Foundation\\Http\\Middleware\\ValidatePostSize->handle(Object(Illuminate\\Http\\Request), Object(Closure))
#54 C:\\Users\\derva\\Desktop\\movie-recommendation\\vendor\\laravel\\framework\\src\\Illuminate\\Foundation\\Http\\Middleware\\PreventRequestsDuringMaintenance.php(86): Illuminate\\Pipeline\\Pipeline->{closure:{closure:Illuminate\\Pipeline\\Pipeline::carry():142}:143}(Object(Illuminate\\Http\\Request))
#55 C:\\Users\\derva\\Desktop\\movie-recommendation\\vendor\\laravel\\framework\\src\\Illuminate\\Pipeline\\Pipeline.php(167): Illuminate\\Foundation\\Http\\Middleware\\PreventRequestsDuringMaintenance->handle(Object(Illuminate\\Http\\Request), Object(Closure))
#56 C:\\Users\\derva\\Desktop\\movie-recommendation\\vendor\\fruitcake\\laravel-cors\\src\\HandleCors.php(52): Illuminate\\Pipeline\\Pipeline->{closure:{closure:Illuminate\\Pipeline\\Pipeline::carry():142}:143}(Object(Illuminate\\Http\\Request))
#57 C:\\Users\\derva\\Desktop\\movie-recommendation\\vendor\\laravel\\framework\\src\\Illuminate\\Pipeline\\Pipeline.php(167): Fruitcake\\Cors\\HandleCors->handle(Object(Illuminate\\Http\\Request), Object(Closure))
#58 C:\\Users\\derva\\Desktop\\movie-recommendation\\vendor\\fideloper\\proxy\\src\\TrustProxies.php(57): Illuminate\\Pipeline\\Pipeline->{closure:{closure:Illuminate\\Pipeline\\Pipeline::carry():142}:143}(Object(Illuminate\\Http\\Request))
#59 C:\\Users\\derva\\Desktop\\movie-recommendation\\vendor\\laravel\\framework\\src\\Illuminate\\Pipeline\\Pipeline.php(167): Fideloper\\Proxy\\TrustProxies->handle(Object(Illuminate\\Http\\Request), Object(Closure))
#60 C:\\Users\\derva\\Desktop\\movie-recommendation\\vendor\\laravel\\framework\\src\\Illuminate\\Pipeline\\Pipeline.php(103): Illuminate\\Pipeline\\Pipeline->{closure:{closure:Illuminate\\Pipeline\\Pipeline::carry():142}:143}(Object(Illuminate\\Http\\Request))
#61 C:\\Users\\derva\\Desktop\\movie-recommendation\\vendor\\laravel\\framework\\src\\Illuminate\\Foundation\\Http\\Kernel.php(142): Illuminate\\Pipeline\\Pipeline->then(Object(Closure))
#62 C:\\Users\\derva\\Desktop\\movie-recommendation\\vendor\\laravel\\framework\\src\\Illuminate\\Foundation\\Http\\Kernel.php(111): Illuminate\\Foundation\\Http\\Kernel->sendRequestThroughRouter(Object(Illuminate\\Http\\Request))
#63 C:\\Users\\derva\\Desktop\\movie-recommendation\\public\\index.php(51): Illuminate\\Foundation\\Http\\Kernel->handle(Object(Illuminate\\Http\\Request))
#64 C:\\Users\\derva\\Desktop\\movie-recommendation\\server.php(21): require_once('C:\\\\Users\\\\derva\\\\...')
#65 {main}
"} 
[2026-03-29 10:40:03] local.ERROR: SQLSTATE[23000]: Integrity constraint violation: 1062 Duplicate entry 'user@user.com' for key 'users_email_unique' (SQL: insert into `users` (`name`, `email`, `password`, `updated_at`, `created_at`) values (user, user@user.com, $2y$10$Ga.j.Q2M4I47cVzgA2ZlwOqEIUE27z.KF.tgJc8bHLCUcGUSmlE1u, 2026-03-29 10:40:03, 2026-03-29 10:40:03)) {"exception":"[object] (Illuminate\\Database\\QueryException(code: 23000): SQLSTATE[23000]: Integrity constraint violation: 1062 Duplicate entry 'user@user.com' for key 'users_email_unique' (SQL: insert into `users` (`name`, `email`, `password`, `updated_at`, `created_at`) values (user, user@user.com, $2y$10$Ga.j.Q2M4I47cVzgA2ZlwOqEIUE27z.KF.tgJc8bHLCUcGUSmlE1u, 2026-03-29 10:40:03, 2026-03-29 10:40:03)) at C:\\Users\\derva\\Desktop\\movie-recommendation\\vendor\\laravel\\framework\\src\\Illuminate\\Database\\Connection.php:712)
[stacktrace]
#0 C:\\Users\\derva\\Desktop\\movie-recommendation\\vendor\\laravel\\framework\\src\\Illuminate\\Database\\Connection.php(672): Illuminate\\Database\\Connection->runQueryCallback('insert into `us...', Array, Object(Closure))
#1 C:\\Users\\derva\\Desktop\\movie-recommendation\\vendor\\laravel\\framework\\src\\Illuminate\\Database\\Connection.php(490): Illuminate\\Database\\Connection->run('insert into `us...', Array, Object(Closure))
#2 C:\\Users\\derva\\Desktop\\movie-recommendation\\vendor\\laravel\\framework\\src\\Illuminate\\Database\\Connection.php(454): Illuminate\\Database\\Connection->statement('insert into `us...', Array)
#3 C:\\Users\\derva\\Desktop\\movie-recommendation\\vendor\\laravel\\framework\\src\\Illuminate\\Database\\Query\\Processors\\Processor.php(32): Illuminate\\Database\\Connection->insert('insert into `us...', Array)
#4 C:\\Users\\derva\\Desktop\\movie-recommendation\\vendor\\laravel\\framework\\src\\Illuminate\\Database\\Query\\Builder.php(3028): Illuminate\\Database\\Query\\Processors\\Processor->processInsertGetId(Object(Illuminate\\Database\\Query\\Builder), 'insert into `us...', Array, 'id')
#5 C:\\Users\\derva\\Desktop\\movie-recommendation\\vendor\\laravel\\framework\\src\\Illuminate\\Database\\Eloquent\\Builder.php(1657): Illuminate\\Database\\Query\\Builder->insertGetId(Array, 'id')
#6 C:\\Users\\derva\\Desktop\\movie-recommendation\\vendor\\laravel\\framework\\src\\Illuminate\\Database\\Eloquent\\Model.php(1188): Illuminate\\Database\\Eloquent\\Builder->__call('insertGetId', Array)
#7 C:\\Users\\derva\\Desktop\\movie-recommendation\\vendor\\laravel\\framework\\src\\Illuminate\\Database\\Eloquent\\Model.php(1153): Illuminate\\Database\\Eloquent\\Model->insertAndSetId(Object(Illuminate\\Database\\Eloquent\\Builder), Array)
#8 C:\\Users\\derva\\Desktop\\movie-recommendation\\vendor\\laravel\\framework\\src\\Illuminate\\Database\\Eloquent\\Model.php(994): Illuminate\\Database\\Eloquent\\Model->performInsert(Object(Illuminate\\Database\\Eloquent\\Builder))
#9 C:\\Users\\derva\\Desktop\\movie-recommendation\\vendor\\laravel\\framework\\src\\Illuminate\\Database\\Eloquent\\Builder.php(896): Illuminate\\Database\\Eloquent\\Model->save()
#10 C:\\Users\\derva\\Desktop\\movie-recommendation\\vendor\\laravel\\framework\\src\\Illuminate\\Support\\helpers.php(263): Illuminate\\Database\\Eloquent\\Builder->{closure:Illuminate\\Database\\Eloquent\\Builder::create():895}(Object(App\\Models\\User))
#11 C:\\Users\\derva\\Desktop\\movie-recommendation\\vendor\\laravel\\framework\\src\\Illuminate\\Database\\Eloquent\\Builder.php(895): tap(Object(App\\Models\\User), Object(Closure))
#12 C:\\Users\\derva\\Desktop\\movie-recommendation\\vendor\\laravel\\framework\\src\\Illuminate\\Support\\Traits\\ForwardsCalls.php(23): Illuminate\\Database\\Eloquent\\Builder->create(Array)
#13 C:\\Users\\derva\\Desktop\\movie-recommendation\\vendor\\laravel\\framework\\src\\Illuminate\\Database\\Eloquent\\Model.php(2132): Illuminate\\Database\\Eloquent\\Model->forwardCallTo(Object(Illuminate\\Database\\Eloquent\\Builder), 'create', Array)
#14 C:\\Users\\derva\\Desktop\\movie-recommendation\\vendor\\laravel\\framework\\src\\Illuminate\\Database\\Eloquent\\Model.php(2144): Illuminate\\Database\\Eloquent\\Model->__call('create', Array)
#15 C:\\Users\\derva\\Desktop\\movie-recommendation\\database\\seeders\\DatabaseSeeder.php(20): Illuminate\\Database\\Eloquent\\Model::__callStatic('create', Array)
#16 C:\\Users\\derva\\Desktop\\movie-recommendation\\vendor\\laravel\\framework\\src\\Illuminate\\Container\\BoundMethod.php(36): Database\\Seeders\\DatabaseSeeder->run()
#17 C:\\Users\\derva\\Desktop\\movie-recommendation\\vendor\\laravel\\framework\\src\\Illuminate\\Container\\Util.php(40): Illuminate\\Container\\BoundMethod::{closure:Illuminate\\Container\\BoundMethod::call():35}()
#18 C:\\Users\\derva\\Desktop\\movie-recommendation\\vendor\\laravel\\framework\\src\\Illuminate\\Container\\BoundMethod.php(93): Illuminate\\Container\\Util::unwrapIfClosure(Object(Closure))
#19 C:\\Users\\derva\\Desktop\\movie-recommendation\\vendor\\laravel\\framework\\src\\Illuminate\\Container\\BoundMethod.php(35): Illuminate\\Container\\BoundMethod::callBoundMethod(Object(Illuminate\\Foundation\\Application), Array, Object(Closure))
#20 C:\\Users\\derva\\Desktop\\movie-recommendation\\vendor\\laravel\\framework\\src\\Illuminate\\Container\\Container.php(653): Illuminate\\Container\\BoundMethod::call(Object(Illuminate\\Foundation\\Application), Array, Array, NULL)
#21 C:\\Users\\derva\\Desktop\\movie-recommendation\\vendor\\laravel\\framework\\src\\Illuminate\\Database\\Seeder.php(149): Illuminate\\Container\\Container->call(Array, Array)
#22 C:\\Users\\derva\\Desktop\\movie-recommendation\\vendor\\laravel\\framework\\src\\Illuminate\\Database\\Console\\Seeds\\SeedCommand.php(66): Illuminate\\Database\\Seeder->__invoke()
#23 C:\\Users\\derva\\Desktop\\movie-recommendation\\vendor\\laravel\\framework\\src\\Illuminate\\Database\\Eloquent\\Concerns\\GuardsAttributes.php(157): Illuminate\\Database\\Console\\Seeds\\SeedCommand->{closure:Illuminate\\Database\\Console\\Seeds\\SeedCommand::handle():65}()
#24 C:\\Users\\derva\\Desktop\\movie-recommendation\\vendor\\laravel\\framework\\src\\Illuminate\\Database\\Console\\Seeds\\SeedCommand.php(65): Illuminate\\Database\\Eloquent\\Model::unguarded(Object(Closure))
#25 C:\\Users\\derva\\Desktop\\movie-recommendation\\vendor\\laravel\\framework\\src\\Illuminate\\Container\\BoundMethod.php(36): Illuminate\\Database\\Console\\Seeds\\SeedCommand->handle()
#26 C:\\Users\\derva\\Desktop\\movie-recommendation\\vendor\\laravel\\framework\\src\\Illuminate\\Container\\Util.php(40): Illuminate\\Container\\BoundMethod::{closure:Illuminate\\Container\\BoundMethod::call():35}()
#27 C:\\Users\\derva\\Desktop\\movie-recommendation\\vendor\\laravel\\framework\\src\\Illuminate\\Container\\BoundMethod.php(93): Illuminate\\Container\\Util::unwrapIfClosure(Object(Closure))
#28 C:\\Users\\derva\\Desktop\\movie-recommendation\\vendor\\laravel\\framework\\src\\Illuminate\\Container\\BoundMethod.php(35): Illuminate\\Container\\BoundMethod::callBoundMethod(Object(Illuminate\\Foundation\\Application), Array, Object(Closure))
#29 C:\\Users\\derva\\Desktop\\movie-recommendation\\vendor\\laravel\\framework\\src\\Illuminate\\Container\\Container.php(653): Illuminate\\Container\\BoundMethod::call(Object(Illuminate\\Foundation\\Application), Array, Array, NULL)
#30 C:\\Users\\derva\\Desktop\\movie-recommendation\\vendor\\laravel\\framework\\src\\Illuminate\\Console\\Command.php(136): Illuminate\\Container\\Container->call(Array)
#31 C:\\Users\\derva\\Desktop\\movie-recommendation\\vendor\\symfony\\console\\Command\\Command.php(298): Illuminate\\Console\\Command->execute(Object(Symfony\\Component\\Console\\Input\\ArrayInput), Object(Illuminate\\Console\\OutputStyle))
#32 C:\\Users\\derva\\Desktop\\movie-recommendation\\vendor\\laravel\\framework\\src\\Illuminate\\Console\\Command.php(120): Symfony\\Component\\Console\\Command\\Command->run(Object(Symfony\\Component\\Console\\Input\\ArrayInput), Object(Illuminate\\Console\\OutputStyle))
#33 C:\\Users\\derva\\Desktop\\movie-recommendation\\vendor\\laravel\\framework\\src\\Illuminate\\Console\\Concerns\\CallsCommands.php(67): Illuminate\\Console\\Command->run(Object(Symfony\\Component\\Console\\Input\\ArrayInput), Object(Illuminate\\Console\\OutputStyle))
#34 C:\\Users\\derva\\Desktop\\movie-recommendation\\vendor\\laravel\\framework\\src\\Illuminate\\Console\\Concerns\\CallsCommands.php(28): Illuminate\\Console\\Command->runCommand('db:seed', Array, Object(Illuminate\\Console\\OutputStyle))
#35 C:\\Users\\derva\\Desktop\\movie-recommendation\\vendor\\laravel\\framework\\src\\Illuminate\\Database\\Console\\Migrations\\MigrateCommand.php(93): Illuminate\\Console\\Command->call('db:seed', Array)
#36 C:\\Users\\derva\\Desktop\\movie-recommendation\\vendor\\laravel\\framework\\src\\Illuminate\\Database\\Migrations\\Migrator.php(606): Illuminate\\Database\\Console\\Migrations\\MigrateCommand->{closure:Illuminate\\Database\\Console\\Migrations\\MigrateCommand::handle():77}()
#37 C:\\Users\\derva\\Desktop\\movie-recommendation\\vendor\\laravel\\framework\\src\\Illuminate\\Database\\Console\\Migrations\\MigrateCommand.php(77): Illuminate\\Database\\Migrations\\Migrator->usingConnection(NULL, Object(Closure))
#38 C:\\Users\\derva\\Desktop\\movie-recommendation\\vendor\\laravel\\framework\\src\\Illuminate\\Container\\BoundMethod.php(36): Illuminate\\Database\\Console\\Migrations\\MigrateCommand->handle()
#39 C:\\Users\\derva\\Desktop\\movie-recommendation\\vendor\\laravel\\framework\\src\\Illuminate\\Container\\Util.php(40): Illuminate\\Container\\BoundMethod::{closure:Illuminate\\Container\\BoundMethod::call():35}()
#40 C:\\Users\\derva\\Desktop\\movie-recommendation\\vendor\\laravel\\framework\\src\\Illuminate\\Container\\BoundMethod.php(93): Illuminate\\Container\\Util::unwrapIfClosure(Object(Closure))
#41 C:\\Users\\derva\\Desktop\\movie-recommendation\\vendor\\laravel\\framework\\src\\Illuminate\\Container\\BoundMethod.php(35): Illuminate\\Container\\BoundMethod::callBoundMethod(Object(Illuminate\\Foundation\\Application), Array, Object(Closure))
#42 C:\\Users\\derva\\Desktop\\movie-recommendation\\vendor\\laravel\\framework\\src\\Illuminate\\Container\\Container.php(653): Illuminate\\Container\\BoundMethod::call(Object(Illuminate\\Foundation\\Application), Array, Array, NULL)
#43 C:\\Users\\derva\\Desktop\\movie-recommendation\\vendor\\laravel\\framework\\src\\Illuminate\\Console\\Command.php(136): Illuminate\\Container\\Container->call(Array)
#44 C:\\Users\\derva\\Desktop\\movie-recommendation\\vendor\\symfony\\console\\Command\\Command.php(298): Illuminate\\Console\\Command->execute(Object(Symfony\\Component\\Console\\Input\\ArgvInput), Object(Illuminate\\Console\\OutputStyle))
#45 C:\\Users\\derva\\Desktop\\movie-recommendation\\vendor\\laravel\\framework\\src\\Illuminate\\Console\\Command.php(120): Symfony\\Component\\Console\\Command\\Command->run(Object(Symfony\\Component\\Console\\Input\\ArgvInput), Object(Illuminate\\Console\\OutputStyle))
#46 C:\\Users\\derva\\Desktop\\movie-recommendation\\vendor\\symfony\\console\\Application.php(1040): Illuminate\\Console\\Command->run(Object(Symfony\\Component\\Console\\Input\\ArgvInput), Object(Symfony\\Component\\Console\\Output\\ConsoleOutput))
#47 C:\\Users\\derva\\Desktop\\movie-recommendation\\vendor\\symfony\\console\\Application.php(301): Symfony\\Component\\Console\\Application->doRunCommand(Object(Illuminate\\Database\\Console\\Migrations\\MigrateCommand), Object(Symfony\\Component\\Console\\Input\\ArgvInput), Object(Symfony\\Component\\Console\\Output\\ConsoleOutput))
#48 C:\\Users\\derva\\Desktop\\movie-recommendation\\vendor\\symfony\\console\\Application.php(171): Symfony\\Component\\Console\\Application->doRun(Object(Symfony\\Component\\Console\\Input\\ArgvInput), Object(Symfony\\Component\\Console\\Output\\ConsoleOutput))
#49 C:\\Users\\derva\\Desktop\\movie-recommendation\\vendor\\laravel\\framework\\src\\Illuminate\\Console\\Application.php(94): Symfony\\Component\\Console\\Application->run(Object(Symfony\\Component\\Console\\Input\\ArgvInput), Object(Symfony\\Component\\Console\\Output\\ConsoleOutput))
#50 C:\\Users\\derva\\Desktop\\movie-recommendation\\vendor\\laravel\\framework\\src\\Illuminate\\Foundation\\Console\\Kernel.php(129): Illuminate\\Console\\Application->run(Object(Symfony\\Component\\Console\\Input\\ArgvInput), Object(Symfony\\Component\\Console\\Output\\ConsoleOutput))
#51 C:\\Users\\derva\\Desktop\\movie-recommendation\\artisan(35): Illuminate\\Foundation\\Console\\Kernel->handle(Object(Symfony\\Component\\Console\\Input\\ArgvInput), Object(Symfony\\Component\\Console\\Output\\ConsoleOutput))
#52 {main}

[previous exception] [object] (PDOException(code: 23000): SQLSTATE[23000]: Integrity constraint violation: 1062 Duplicate entry 'user@user.com' for key 'users_email_unique' at C:\\Users\\derva\\Desktop\\movie-recommendation\\vendor\\laravel\\framework\\src\\Illuminate\\Database\\Connection.php:501)
[stacktrace]
#0 C:\\Users\\derva\\Desktop\\movie-recommendation\\vendor\\laravel\\framework\\src\\Illuminate\\Database\\Connection.php(501): PDOStatement->execute()
#1 C:\\Users\\derva\\Desktop\\movie-recommendation\\vendor\\laravel\\framework\\src\\Illuminate\\Database\\Connection.php(705): Illuminate\\Database\\Connection->{closure:Illuminate\\Database\\Connection::statement():490}('insert into `us...', Array)
#2 C:\\Users\\derva\\Desktop\\movie-recommendation\\vendor\\laravel\\framework\\src\\Illuminate\\Database\\Connection.php(672): Illuminate\\Database\\Connection->runQueryCallback('insert into `us...', Array, Object(Closure))
#3 C:\\Users\\derva\\Desktop\\movie-recommendation\\vendor\\laravel\\framework\\src\\Illuminate\\Database\\Connection.php(490): Illuminate\\Database\\Connection->run('insert into `us...', Array, Object(Closure))
#4 C:\\Users\\derva\\Desktop\\movie-recommendation\\vendor\\laravel\\framework\\src\\Illuminate\\Database\\Connection.php(454): Illuminate\\Database\\Connection->statement('insert into `us...', Array)
#5 C:\\Users\\derva\\Desktop\\movie-recommendation\\vendor\\laravel\\framework\\src\\Illuminate\\Database\\Query\\Processors\\Processor.php(32): Illuminate\\Database\\Connection->insert('insert into `us...', Array)
#6 C:\\Users\\derva\\Desktop\\movie-recommendation\\vendor\\laravel\\framework\\src\\Illuminate\\Database\\Query\\Builder.php(3028): Illuminate\\Database\\Query\\Processors\\Processor->processInsertGetId(Object(Illuminate\\Database\\Query\\Builder), 'insert into `us...', Array, 'id')
#7 C:\\Users\\derva\\Desktop\\movie-recommendation\\vendor\\laravel\\framework\\src\\Illuminate\\Database\\Eloquent\\Builder.php(1657): Illuminate\\Database\\Query\\Builder->insertGetId(Array, 'id')
#8 C:\\Users\\derva\\Desktop\\movie-recommendation\\vendor\\laravel\\framework\\src\\Illuminate\\Database\\Eloquent\\Model.php(1188): Illuminate\\Database\\Eloquent\\Builder->__call('insertGetId', Array)
#9 C:\\Users\\derva\\Desktop\\movie-recommendation\\vendor\\laravel\\framework\\src\\Illuminate\\Database\\Eloquent\\Model.php(1153): Illuminate\\Database\\Eloquent\\Model->insertAndSetId(Object(Illuminate\\Database\\Eloquent\\Builder), Array)
#10 C:\\Users\\derva\\Desktop\\movie-recommendation\\vendor\\laravel\\framework\\src\\Illuminate\\Database\\Eloquent\\Model.php(994): Illuminate\\Database\\Eloquent\\Model->performInsert(Object(Illuminate\\Database\\Eloquent\\Builder))
#11 C:\\Users\\derva\\Desktop\\movie-recommendation\\vendor\\laravel\\framework\\src\\Illuminate\\Database\\Eloquent\\Builder.php(896): Illuminate\\Database\\Eloquent\\Model->save()
#12 C:\\Users\\derva\\Desktop\\movie-recommendation\\vendor\\laravel\\framework\\src\\Illuminate\\Support\\helpers.php(263): Illuminate\\Database\\Eloquent\\Builder->{closure:Illuminate\\Database\\Eloquent\\Builder::create():895}(Object(App\\Models\\User))
#13 C:\\Users\\derva\\Desktop\\movie-recommendation\\vendor\\laravel\\framework\\src\\Illuminate\\Database\\Eloquent\\Builder.php(895): tap(Object(App\\Models\\User), Object(Closure))
#14 C:\\Users\\derva\\Desktop\\movie-recommendation\\vendor\\laravel\\framework\\src\\Illuminate\\Support\\Traits\\ForwardsCalls.php(23): Illuminate\\Database\\Eloquent\\Builder->create(Array)
#15 C:\\Users\\derva\\Desktop\\movie-recommendation\\vendor\\laravel\\framework\\src\\Illuminate\\Database\\Eloquent\\Model.php(2132): Illuminate\\Database\\Eloquent\\Model->forwardCallTo(Object(Illuminate\\Database\\Eloquent\\Builder), 'create', Array)
#16 C:\\Users\\derva\\Desktop\\movie-recommendation\\vendor\\laravel\\framework\\src\\Illuminate\\Database\\Eloquent\\Model.php(2144): Illuminate\\Database\\Eloquent\\Model->__call('create', Array)
#17 C:\\Users\\derva\\Desktop\\movie-recommendation\\database\\seeders\\DatabaseSeeder.php(20): Illuminate\\Database\\Eloquent\\Model::__callStatic('create', Array)
#18 C:\\Users\\derva\\Desktop\\movie-recommendation\\vendor\\laravel\\framework\\src\\Illuminate\\Container\\BoundMethod.php(36): Database\\Seeders\\DatabaseSeeder->run()
#19 C:\\Users\\derva\\Desktop\\movie-recommendation\\vendor\\laravel\\framework\\src\\Illuminate\\Container\\Util.php(40): Illuminate\\Container\\BoundMethod::{closure:Illuminate\\Container\\BoundMethod::call():35}()
#20 C:\\Users\\derva\\Desktop\\movie-recommendation\\vendor\\laravel\\framework\\src\\Illuminate\\Container\\BoundMethod.php(93): Illuminate\\Container\\Util::unwrapIfClosure(Object(Closure))
#21 C:\\Users\\derva\\Desktop\\movie-recommendation\\vendor\\laravel\\framework\\src\\Illuminate\\Container\\BoundMethod.php(35): Illuminate\\Container\\BoundMethod::callBoundMethod(Object(Illuminate\\Foundation\\Application), Array, Object(Closure))
#22 C:\\Users\\derva\\Desktop\\movie-recommendation\\vendor\\laravel\\framework\\src\\Illuminate\\Container\\Container.php(653): Illuminate\\Container\\BoundMethod::call(Object(Illuminate\\Foundation\\Application), Array, Array, NULL)
#23 C:\\Users\\derva\\Desktop\\movie-recommendation\\vendor\\laravel\\framework\\src\\Illuminate\\Database\\Seeder.php(149): Illuminate\\Container\\Container->call(Array, Array)
#24 C:\\Users\\derva\\Desktop\\movie-recommendation\\vendor\\laravel\\framework\\src\\Illuminate\\Database\\Console\\Seeds\\SeedCommand.php(66): Illuminate\\Database\\Seeder->__invoke()
#25 C:\\Users\\derva\\Desktop\\movie-recommendation\\vendor\\laravel\\framework\\src\\Illuminate\\Database\\Eloquent\\Concerns\\GuardsAttributes.php(157): Illuminate\\Database\\Console\\Seeds\\SeedCommand->{closure:Illuminate\\Database\\Console\\Seeds\\SeedCommand::handle():65}()
#26 C:\\Users\\derva\\Desktop\\movie-recommendation\\vendor\\laravel\\framework\\src\\Illuminate\\Database\\Console\\Seeds\\SeedCommand.php(65): Illuminate\\Database\\Eloquent\\Model::unguarded(Object(Closure))
#27 C:\\Users\\derva\\Desktop\\movie-recommendation\\vendor\\laravel\\framework\\src\\Illuminate\\Container\\BoundMethod.php(36): Illuminate\\Database\\Console\\Seeds\\SeedCommand->handle()
#28 C:\\Users\\derva\\Desktop\\movie-recommendation\\vendor\\laravel\\framework\\src\\Illuminate\\Container\\Util.php(40): Illuminate\\Container\\BoundMethod::{closure:Illuminate\\Container\\BoundMethod::call():35}()
#29 C:\\Users\\derva\\Desktop\\movie-recommendation\\vendor\\laravel\\framework\\src\\Illuminate\\Container\\BoundMethod.php(93): Illuminate\\Container\\Util::unwrapIfClosure(Object(Closure))
#30 C:\\Users\\derva\\Desktop\\movie-recommendation\\vendor\\laravel\\framework\\src\\Illuminate\\Container\\BoundMethod.php(35): Illuminate\\Container\\BoundMethod::callBoundMethod(Object(Illuminate\\Foundation\\Application), Array, Object(Closure))
#31 C:\\Users\\derva\\Desktop\\movie-recommendation\\vendor\\laravel\\framework\\src\\Illuminate\\Container\\Container.php(653): Illuminate\\Container\\BoundMethod::call(Object(Illuminate\\Foundation\\Application), Array, Array, NULL)
#32 C:\\Users\\derva\\Desktop\\movie-recommendation\\vendor\\laravel\\framework\\src\\Illuminate\\Console\\Command.php(136): Illuminate\\Container\\Container->call(Array)
#33 C:\\Users\\derva\\Desktop\\movie-recommendation\\vendor\\symfony\\console\\Command\\Command.php(298): Illuminate\\Console\\Command->execute(Object(Symfony\\Component\\Console\\Input\\ArrayInput), Object(Illuminate\\Console\\OutputStyle))
#34 C:\\Users\\derva\\Desktop\\movie-recommendation\\vendor\\laravel\\framework\\src\\Illuminate\\Console\\Command.php(120): Symfony\\Component\\Console\\Command\\Command->run(Object(Symfony\\Component\\Console\\Input\\ArrayInput), Object(Illuminate\\Console\\OutputStyle))
#35 C:\\Users\\derva\\Desktop\\movie-recommendation\\vendor\\laravel\\framework\\src\\Illuminate\\Console\\Concerns\\CallsCommands.php(67): Illuminate\\Console\\Command->run(Object(Symfony\\Component\\Console\\Input\\ArrayInput), Object(Illuminate\\Console\\OutputStyle))
#36 C:\\Users\\derva\\Desktop\\movie-recommendation\\vendor\\laravel\\framework\\src\\Illuminate\\Console\\Concerns\\CallsCommands.php(28): Illuminate\\Console\\Command->runCommand('db:seed', Array, Object(Illuminate\\Console\\OutputStyle))
#37 C:\\Users\\derva\\Desktop\\movie-recommendation\\vendor\\laravel\\framework\\src\\Illuminate\\Database\\Console\\Migrations\\MigrateCommand.php(93): Illuminate\\Console\\Command->call('db:seed', Array)
#38 C:\\Users\\derva\\Desktop\\movie-recommendation\\vendor\\laravel\\framework\\src\\Illuminate\\Database\\Migrations\\Migrator.php(606): Illuminate\\Database\\Console\\Migrations\\MigrateCommand->{closure:Illuminate\\Database\\Console\\Migrations\\MigrateCommand::handle():77}()
#39 C:\\Users\\derva\\Desktop\\movie-recommendation\\vendor\\laravel\\framework\\src\\Illuminate\\Database\\Console\\Migrations\\MigrateCommand.php(77): Illuminate\\Database\\Migrations\\Migrator->usingConnection(NULL, Object(Closure))
#40 C:\\Users\\derva\\Desktop\\movie-recommendation\\vendor\\laravel\\framework\\src\\Illuminate\\Container\\BoundMethod.php(36): Illuminate\\Database\\Console\\Migrations\\MigrateCommand->handle()
#41 C:\\Users\\derva\\Desktop\\movie-recommendation\\vendor\\laravel\\framework\\src\\Illuminate\\Container\\Util.php(40): Illuminate\\Container\\BoundMethod::{closure:Illuminate\\Container\\BoundMethod::call():35}()
#42 C:\\Users\\derva\\Desktop\\movie-recommendation\\vendor\\laravel\\framework\\src\\Illuminate\\Container\\BoundMethod.php(93): Illuminate\\Container\\Util::unwrapIfClosure(Object(Closure))
#43 C:\\Users\\derva\\Desktop\\movie-recommendation\\vendor\\laravel\\framework\\src\\Illuminate\\Container\\BoundMethod.php(35): Illuminate\\Container\\BoundMethod::callBoundMethod(Object(Illuminate\\Foundation\\Application), Array, Object(Closure))
#44 C:\\Users\\derva\\Desktop\\movie-recommendation\\vendor\\laravel\\framework\\src\\Illuminate\\Container\\Container.php(653): Illuminate\\Container\\BoundMethod::call(Object(Illuminate\\Foundation\\Application), Array, Array, NULL)
#45 C:\\Users\\derva\\Desktop\\movie-recommendation\\vendor\\laravel\\framework\\src\\Illuminate\\Console\\Command.php(136): Illuminate\\Container\\Container->call(Array)
#46 C:\\Users\\derva\\Desktop\\movie-recommendation\\vendor\\symfony\\console\\Command\\Command.php(298): Illuminate\\Console\\Command->execute(Object(Symfony\\Component\\Console\\Input\\ArgvInput), Object(Illuminate\\Console\\OutputStyle))
#47 C:\\Users\\derva\\Desktop\\movie-recommendation\\vendor\\laravel\\framework\\src\\Illuminate\\Console\\Command.php(120): Symfony\\Component\\Console\\Command\\Command->run(Object(Symfony\\Component\\Console\\Input\\ArgvInput), Object(Illuminate\\Console\\OutputStyle))
#48 C:\\Users\\derva\\Desktop\\movie-recommendation\\vendor\\symfony\\console\\Application.php(1040): Illuminate\\Console\\Command->run(Object(Symfony\\Component\\Console\\Input\\ArgvInput), Object(Symfony\\Component\\Console\\Output\\ConsoleOutput))
#49 C:\\Users\\derva\\Desktop\\movie-recommendation\\vendor\\symfony\\console\\Application.php(301): Symfony\\Component\\Console\\Application->doRunCommand(Object(Illuminate\\Database\\Console\\Migrations\\MigrateCommand), Object(Symfony\\Component\\Console\\Input\\ArgvInput), Object(Symfony\\Component\\Console\\Output\\ConsoleOutput))
#50 C:\\Users\\derva\\Desktop\\movie-recommendation\\vendor\\symfony\\console\\Application.php(171): Symfony\\Component\\Console\\Application->doRun(Object(Symfony\\Component\\Console\\Input\\ArgvInput), Object(Symfony\\Component\\Console\\Output\\ConsoleOutput))
#51 C:\\Users\\derva\\Desktop\\movie-recommendation\\vendor\\laravel\\framework\\src\\Illuminate\\Console\\Application.php(94): Symfony\\Component\\Console\\Application->run(Object(Symfony\\Component\\Console\\Input\\ArgvInput), Object(Symfony\\Component\\Console\\Output\\ConsoleOutput))
#52 C:\\Users\\derva\\Desktop\\movie-recommendation\\vendor\\laravel\\framework\\src\\Illuminate\\Foundation\\Console\\Kernel.php(129): Illuminate\\Console\\Application->run(Object(Symfony\\Component\\Console\\Input\\ArgvInput), Object(Symfony\\Component\\Console\\Output\\ConsoleOutput))
#53 C:\\Users\\derva\\Desktop\\movie-recommendation\\artisan(35): Illuminate\\Foundation\\Console\\Kernel->handle(Object(Symfony\\Component\\Console\\Input\\ArgvInput), Object(Symfony\\Component\\Console\\Output\\ConsoleOutput))
#54 {main}
"} 
[2026-03-29 10:41:59] local.ERROR: Session store not set on request. {"userId":5,"exception":"[object] (RuntimeException(code: 0): Session store not set on request. at C:\\Users\\derva\\Desktop\\movie-recommendation\\vendor\\laravel\\framework\\src\\Illuminate\\Http\\Request.php:515)
[stacktrace]
#0 C:\\Users\\derva\\Desktop\\movie-recommendation\\app\\Http\\Controllers\\AuthController.php(20): Illuminate\\Http\\Request->session()
#1 C:\\Users\\derva\\Desktop\\movie-recommendation\\vendor\\laravel\\framework\\src\\Illuminate\\Routing\\Controller.php(54): App\\Http\\Controllers\\AuthController->login(Object(Illuminate\\Http\\Request))
#2 C:\\Users\\derva\\Desktop\\movie-recommendation\\vendor\\laravel\\framework\\src\\Illuminate\\Routing\\ControllerDispatcher.php(45): Illuminate\\Routing\\Controller->callAction('login', Array)
#3 C:\\Users\\derva\\Desktop\\movie-recommendation\\vendor\\laravel\\framework\\src\\Illuminate\\Routing\\Route.php(261): Illuminate\\Routing\\ControllerDispatcher->dispatch(Object(Illuminate\\Routing\\Route), Object(App\\Http\\Controllers\\AuthController), 'login')
#4 C:\\Users\\derva\\Desktop\\movie-recommendation\\vendor\\laravel\\framework\\src\\Illuminate\\Routing\\Route.php(205): Illuminate\\Routing\\Route->runController()
#5 C:\\Users\\derva\\Desktop\\movie-recommendation\\vendor\\laravel\\framework\\src\\Illuminate\\Routing\\Router.php(721): Illuminate\\Routing\\Route->run()
#6 C:\\Users\\derva\\Desktop\\movie-recommendation\\vendor\\laravel\\framework\\src\\Illuminate\\Pipeline\\Pipeline.php(128): Illuminate\\Routing\\Router->{closure:Illuminate\\Routing\\Router::runRouteWithinStack():719}(Object(Illuminate\\Http\\Request))
#7 C:\\Users\\derva\\Desktop\\movie-recommendation\\vendor\\laravel\\framework\\src\\Illuminate\\Routing\\Middleware\\SubstituteBindings.php(50): Illuminate\\Pipeline\\Pipeline->{closure:Illuminate\\Pipeline\\Pipeline::prepareDestination():126}(Object(Illuminate\\Http\\Request))
#8 C:\\Users\\derva\\Desktop\\movie-recommendation\\vendor\\laravel\\framework\\src\\Illuminate\\Pipeline\\Pipeline.php(167): Illuminate\\Routing\\Middleware\\SubstituteBindings->handle(Object(Illuminate\\Http\\Request), Object(Closure))
#9 C:\\Users\\derva\\Desktop\\movie-recommendation\\vendor\\laravel\\framework\\src\\Illuminate\\Routing\\Middleware\\ThrottleRequests.php(127): Illuminate\\Pipeline\\Pipeline->{closure:{closure:Illuminate\\Pipeline\\Pipeline::carry():142}:143}(Object(Illuminate\\Http\\Request))
#10 C:\\Users\\derva\\Desktop\\movie-recommendation\\vendor\\laravel\\framework\\src\\Illuminate\\Routing\\Middleware\\ThrottleRequests.php(93): Illuminate\\Routing\\Middleware\\ThrottleRequests->handleRequest(Object(Illuminate\\Http\\Request), Object(Closure), Array)
#11 C:\\Users\\derva\\Desktop\\movie-recommendation\\vendor\\laravel\\framework\\src\\Illuminate\\Routing\\Middleware\\ThrottleRequests.php(55): Illuminate\\Routing\\Middleware\\ThrottleRequests->handleRequestUsingNamedLimiter(Object(Illuminate\\Http\\Request), Object(Closure), 'api', Object(Closure))
#12 C:\\Users\\derva\\Desktop\\movie-recommendation\\vendor\\laravel\\framework\\src\\Illuminate\\Pipeline\\Pipeline.php(167): Illuminate\\Routing\\Middleware\\ThrottleRequests->handle(Object(Illuminate\\Http\\Request), Object(Closure), 'api')
#13 C:\\Users\\derva\\Desktop\\movie-recommendation\\vendor\\laravel\\framework\\src\\Illuminate\\Pipeline\\Pipeline.php(103): Illuminate\\Pipeline\\Pipeline->{closure:{closure:Illuminate\\Pipeline\\Pipeline::carry():142}:143}(Object(Illuminate\\Http\\Request))
#14 C:\\Users\\derva\\Desktop\\movie-recommendation\\vendor\\laravel\\framework\\src\\Illuminate\\Routing\\Router.php(719): Illuminate\\Pipeline\\Pipeline->then(Object(Closure))
#15 C:\\Users\\derva\\Desktop\\movie-recommendation\\vendor\\laravel\\framework\\src\\Illuminate\\Routing\\Router.php(698): Illuminate\\Routing\\Router->runRouteWithinStack(Object(Illuminate\\Routing\\Route), Object(Illuminate\\Http\\Request))
#16 C:\\Users\\derva\\Desktop\\movie-recommendation\\vendor\\laravel\\framework\\src\\Illuminate\\Routing\\Router.php(662): Illuminate\\Routing\\Router->runRoute(Object(Illuminate\\Http\\Request), Object(Illuminate\\Routing\\Route))
#17 C:\\Users\\derva\\Desktop\\movie-recommendation\\vendor\\laravel\\framework\\src\\Illuminate\\Routing\\Router.php(651): Illuminate\\Routing\\Router->dispatchToRoute(Object(Illuminate\\Http\\Request))
#18 C:\\Users\\derva\\Desktop\\movie-recommendation\\vendor\\laravel\\framework\\src\\Illuminate\\Foundation\\Http\\Kernel.php(167): Illuminate\\Routing\\Router->dispatch(Object(Illuminate\\Http\\Request))
#19 C:\\Users\\derva\\Desktop\\movie-recommendation\\vendor\\laravel\\framework\\src\\Illuminate\\Pipeline\\Pipeline.php(128): Illuminate\\Foundation\\Http\\Kernel->{closure:Illuminate\\Foundation\\Http\\Kernel::dispatchToRouter():164}(Object(Illuminate\\Http\\Request))
#20 C:\\Users\\derva\\Desktop\\movie-recommendation\\vendor\\laravel\\framework\\src\\Illuminate\\Foundation\\Http\\Middleware\\TransformsRequest.php(21): Illuminate\\Pipeline\\Pipeline->{closure:Illuminate\\Pipeline\\Pipeline::prepareDestination():126}(Object(Illuminate\\Http\\Request))
#21 C:\\Users\\derva\\Desktop\\movie-recommendation\\vendor\\laravel\\framework\\src\\Illuminate\\Foundation\\Http\\Middleware\\ConvertEmptyStringsToNull.php(31): Illuminate\\Foundation\\Http\\Middleware\\TransformsRequest->handle(Object(Illuminate\\Http\\Request), Object(Closure))
#22 C:\\Users\\derva\\Desktop\\movie-recommendation\\vendor\\laravel\\framework\\src\\Illuminate\\Pipeline\\Pipeline.php(167): Illuminate\\Foundation\\Http\\Middleware\\ConvertEmptyStringsToNull->handle(Object(Illuminate\\Http\\Request), Object(Closure))
#23 C:\\Users\\derva\\Desktop\\movie-recommendation\\vendor\\laravel\\framework\\src\\Illuminate\\Foundation\\Http\\Middleware\\TransformsRequest.php(21): Illuminate\\Pipeline\\Pipeline->{closure:{closure:Illuminate\\Pipeline\\Pipeline::carry():142}:143}(Object(Illuminate\\Http\\Request))
#24 C:\\Users\\derva\\Desktop\\movie-recommendation\\vendor\\laravel\\framework\\src\\Illuminate\\Foundation\\Http\\Middleware\\TrimStrings.php(40): Illuminate\\Foundation\\Http\\Middleware\\TransformsRequest->handle(Object(Illuminate\\Http\\Request), Object(Closure))
#25 C:\\Users\\derva\\Desktop\\movie-recommendation\\vendor\\laravel\\framework\\src\\Illuminate\\Pipeline\\Pipeline.php(167): Illuminate\\Foundation\\Http\\Middleware\\TrimStrings->handle(Object(Illuminate\\Http\\Request), Object(Closure))
#26 C:\\Users\\derva\\Desktop\\movie-recommendation\\vendor\\laravel\\framework\\src\\Illuminate\\Foundation\\Http\\Middleware\\ValidatePostSize.php(27): Illuminate\\Pipeline\\Pipeline->{closure:{closure:Illuminate\\Pipeline\\Pipeline::carry():142}:143}(Object(Illuminate\\Http\\Request))
#27 C:\\Users\\derva\\Desktop\\movie-recommendation\\vendor\\laravel\\framework\\src\\Illuminate\\Pipeline\\Pipeline.php(167): Illuminate\\Foundation\\Http\\Middleware\\ValidatePostSize->handle(Object(Illuminate\\Http\\Request), Object(Closure))
#28 C:\\Users\\derva\\Desktop\\movie-recommendation\\vendor\\laravel\\framework\\src\\Illuminate\\Foundation\\Http\\Middleware\\PreventRequestsDuringMaintenance.php(86): Illuminate\\Pipeline\\Pipeline->{closure:{closure:Illuminate\\Pipeline\\Pipeline::carry():142}:143}(Object(Illuminate\\Http\\Request))
#29 C:\\Users\\derva\\Desktop\\movie-recommendation\\vendor\\laravel\\framework\\src\\Illuminate\\Pipeline\\Pipeline.php(167): Illuminate\\Foundation\\Http\\Middleware\\PreventRequestsDuringMaintenance->handle(Object(Illuminate\\Http\\Request), Object(Closure))
#30 C:\\Users\\derva\\Desktop\\movie-recommendation\\vendor\\fruitcake\\laravel-cors\\src\\HandleCors.php(52): Illuminate\\Pipeline\\Pipeline->{closure:{closure:Illuminate\\Pipeline\\Pipeline::carry():142}:143}(Object(Illuminate\\Http\\Request))
#31 C:\\Users\\derva\\Desktop\\movie-recommendation\\vendor\\laravel\\framework\\src\\Illuminate\\Pipeline\\Pipeline.php(167): Fruitcake\\Cors\\HandleCors->handle(Object(Illuminate\\Http\\Request), Object(Closure))
#32 C:\\Users\\derva\\Desktop\\movie-recommendation\\vendor\\fideloper\\proxy\\src\\TrustProxies.php(57): Illuminate\\Pipeline\\Pipeline->{closure:{closure:Illuminate\\Pipeline\\Pipeline::carry():142}:143}(Object(Illuminate\\Http\\Request))
#33 C:\\Users\\derva\\Desktop\\movie-recommendation\\vendor\\laravel\\framework\\src\\Illuminate\\Pipeline\\Pipeline.php(167): Fideloper\\Proxy\\TrustProxies->handle(Object(Illuminate\\Http\\Request), Object(Closure))
#34 C:\\Users\\derva\\Desktop\\movie-recommendation\\vendor\\laravel\\framework\\src\\Illuminate\\Pipeline\\Pipeline.php(103): Illuminate\\Pipeline\\Pipeline->{closure:{closure:Illuminate\\Pipeline\\Pipeline::carry():142}:143}(Object(Illuminate\\Http\\Request))
#35 C:\\Users\\derva\\Desktop\\movie-recommendation\\vendor\\laravel\\framework\\src\\Illuminate\\Foundation\\Http\\Kernel.php(142): Illuminate\\Pipeline\\Pipeline->then(Object(Closure))
#36 C:\\Users\\derva\\Desktop\\movie-recommendation\\vendor\\laravel\\framework\\src\\Illuminate\\Foundation\\Http\\Kernel.php(111): Illuminate\\Foundation\\Http\\Kernel->sendRequestThroughRouter(Object(Illuminate\\Http\\Request))
#37 C:\\Users\\derva\\Desktop\\movie-recommendation\\public\\index.php(51): Illuminate\\Foundation\\Http\\Kernel->handle(Object(Illuminate\\Http\\Request))
#38 C:\\Users\\derva\\Desktop\\movie-recommendation\\server.php(21): require_once('C:\\\\Users\\\\derva\\\\...')
#39 {main}
"} 
[2026-03-29 10:42:04] local.ERROR: Session store not set on request. {"userId":5,"exception":"[object] (RuntimeException(code: 0): Session store not set on request. at C:\\Users\\derva\\Desktop\\movie-recommendation\\vendor\\laravel\\framework\\src\\Illuminate\\Http\\Request.php:515)
[stacktrace]
#0 C:\\Users\\derva\\Desktop\\movie-recommendation\\app\\Http\\Controllers\\AuthController.php(20): Illuminate\\Http\\Request->session()
#1 C:\\Users\\derva\\Desktop\\movie-recommendation\\vendor\\laravel\\framework\\src\\Illuminate\\Routing\\Controller.php(54): App\\Http\\Controllers\\AuthController->login(Object(Illuminate\\Http\\Request))
#2 C:\\Users\\derva\\Desktop\\movie-recommendation\\vendor\\laravel\\framework\\src\\Illuminate\\Routing\\ControllerDispatcher.php(45): Illuminate\\Routing\\Controller->callAction('login', Array)
#3 C:\\Users\\derva\\Desktop\\movie-recommendation\\vendor\\laravel\\framework\\src\\Illuminate\\Routing\\Route.php(261): Illuminate\\Routing\\ControllerDispatcher->dispatch(Object(Illuminate\\Routing\\Route), Object(App\\Http\\Controllers\\AuthController), 'login')
#4 C:\\Users\\derva\\Desktop\\movie-recommendation\\vendor\\laravel\\framework\\src\\Illuminate\\Routing\\Route.php(205): Illuminate\\Routing\\Route->runController()
#5 C:\\Users\\derva\\Desktop\\movie-recommendation\\vendor\\laravel\\framework\\src\\Illuminate\\Routing\\Router.php(721): Illuminate\\Routing\\Route->run()
#6 C:\\Users\\derva\\Desktop\\movie-recommendation\\vendor\\laravel\\framework\\src\\Illuminate\\Pipeline\\Pipeline.php(128): Illuminate\\Routing\\Router->{closure:Illuminate\\Routing\\Router::runRouteWithinStack():719}(Object(Illuminate\\Http\\Request))
#7 C:\\Users\\derva\\Desktop\\movie-recommendation\\vendor\\laravel\\framework\\src\\Illuminate\\Routing\\Middleware\\SubstituteBindings.php(50): Illuminate\\Pipeline\\Pipeline->{closure:Illuminate\\Pipeline\\Pipeline::prepareDestination():126}(Object(Illuminate\\Http\\Request))
#8 C:\\Users\\derva\\Desktop\\movie-recommendation\\vendor\\laravel\\framework\\src\\Illuminate\\Pipeline\\Pipeline.php(167): Illuminate\\Routing\\Middleware\\SubstituteBindings->handle(Object(Illuminate\\Http\\Request), Object(Closure))
#9 C:\\Users\\derva\\Desktop\\movie-recommendation\\vendor\\laravel\\framework\\src\\Illuminate\\Routing\\Middleware\\ThrottleRequests.php(127): Illuminate\\Pipeline\\Pipeline->{closure:{closure:Illuminate\\Pipeline\\Pipeline::carry():142}:143}(Object(Illuminate\\Http\\Request))
#10 C:\\Users\\derva\\Desktop\\movie-recommendation\\vendor\\laravel\\framework\\src\\Illuminate\\Routing\\Middleware\\ThrottleRequests.php(93): Illuminate\\Routing\\Middleware\\ThrottleRequests->handleRequest(Object(Illuminate\\Http\\Request), Object(Closure), Array)
#11 C:\\Users\\derva\\Desktop\\movie-recommendation\\vendor\\laravel\\framework\\src\\Illuminate\\Routing\\Middleware\\ThrottleRequests.php(55): Illuminate\\Routing\\Middleware\\ThrottleRequests->handleRequestUsingNamedLimiter(Object(Illuminate\\Http\\Request), Object(Closure), 'api', Object(Closure))
#12 C:\\Users\\derva\\Desktop\\movie-recommendation\\vendor\\laravel\\framework\\src\\Illuminate\\Pipeline\\Pipeline.php(167): Illuminate\\Routing\\Middleware\\ThrottleRequests->handle(Object(Illuminate\\Http\\Request), Object(Closure), 'api')
#13 C:\\Users\\derva\\Desktop\\movie-recommendation\\vendor\\laravel\\framework\\src\\Illuminate\\Pipeline\\Pipeline.php(103): Illuminate\\Pipeline\\Pipeline->{closure:{closure:Illuminate\\Pipeline\\Pipeline::carry():142}:143}(Object(Illuminate\\Http\\Request))
#14 C:\\Users\\derva\\Desktop\\movie-recommendation\\vendor\\laravel\\framework\\src\\Illuminate\\Routing\\Router.php(719): Illuminate\\Pipeline\\Pipeline->then(Object(Closure))
#15 C:\\Users\\derva\\Desktop\\movie-recommendation\\vendor\\laravel\\framework\\src\\Illuminate\\Routing\\Router.php(698): Illuminate\\Routing\\Router->runRouteWithinStack(Object(Illuminate\\Routing\\Route), Object(Illuminate\\Http\\Request))
#16 C:\\Users\\derva\\Desktop\\movie-recommendation\\vendor\\laravel\\framework\\src\\Illuminate\\Routing\\Router.php(662): Illuminate\\Routing\\Router->runRoute(Object(Illuminate\\Http\\Request), Object(Illuminate\\Routing\\Route))
#17 C:\\Users\\derva\\Desktop\\movie-recommendation\\vendor\\laravel\\framework\\src\\Illuminate\\Routing\\Router.php(651): Illuminate\\Routing\\Router->dispatchToRoute(Object(Illuminate\\Http\\Request))
#18 C:\\Users\\derva\\Desktop\\movie-recommendation\\vendor\\laravel\\framework\\src\\Illuminate\\Foundation\\Http\\Kernel.php(167): Illuminate\\Routing\\Router->dispatch(Object(Illuminate\\Http\\Request))
#19 C:\\Users\\derva\\Desktop\\movie-recommendation\\vendor\\laravel\\framework\\src\\Illuminate\\Pipeline\\Pipeline.php(128): Illuminate\\Foundation\\Http\\Kernel->{closure:Illuminate\\Foundation\\Http\\Kernel::dispatchToRouter():164}(Object(Illuminate\\Http\\Request))
#20 C:\\Users\\derva\\Desktop\\movie-recommendation\\vendor\\laravel\\framework\\src\\Illuminate\\Foundation\\Http\\Middleware\\TransformsRequest.php(21): Illuminate\\Pipeline\\Pipeline->{closure:Illuminate\\Pipeline\\Pipeline::prepareDestination():126}(Object(Illuminate\\Http\\Request))
#21 C:\\Users\\derva\\Desktop\\movie-recommendation\\vendor\\laravel\\framework\\src\\Illuminate\\Foundation\\Http\\Middleware\\ConvertEmptyStringsToNull.php(31): Illuminate\\Foundation\\Http\\Middleware\\TransformsRequest->handle(Object(Illuminate\\Http\\Request), Object(Closure))
#22 C:\\Users\\derva\\Desktop\\movie-recommendation\\vendor\\laravel\\framework\\src\\Illuminate\\Pipeline\\Pipeline.php(167): Illuminate\\Foundation\\Http\\Middleware\\ConvertEmptyStringsToNull->handle(Object(Illuminate\\Http\\Request), Object(Closure))
#23 C:\\Users\\derva\\Desktop\\movie-recommendation\\vendor\\laravel\\framework\\src\\Illuminate\\Foundation\\Http\\Middleware\\TransformsRequest.php(21): Illuminate\\Pipeline\\Pipeline->{closure:{closure:Illuminate\\Pipeline\\Pipeline::carry():142}:143}(Object(Illuminate\\Http\\Request))
#24 C:\\Users\\derva\\Desktop\\movie-recommendation\\vendor\\laravel\\framework\\src\\Illuminate\\Foundation\\Http\\Middleware\\TrimStrings.php(40): Illuminate\\Foundation\\Http\\Middleware\\TransformsRequest->handle(Object(Illuminate\\Http\\Request), Object(Closure))
#25 C:\\Users\\derva\\Desktop\\movie-recommendation\\vendor\\laravel\\framework\\src\\Illuminate\\Pipeline\\Pipeline.php(167): Illuminate\\Foundation\\Http\\Middleware\\TrimStrings->handle(Object(Illuminate\\Http\\Request), Object(Closure))
#26 C:\\Users\\derva\\Desktop\\movie-recommendation\\vendor\\laravel\\framework\\src\\Illuminate\\Foundation\\Http\\Middleware\\ValidatePostSize.php(27): Illuminate\\Pipeline\\Pipeline->{closure:{closure:Illuminate\\Pipeline\\Pipeline::carry():142}:143}(Object(Illuminate\\Http\\Request))
#27 C:\\Users\\derva\\Desktop\\movie-recommendation\\vendor\\laravel\\framework\\src\\Illuminate\\Pipeline\\Pipeline.php(167): Illuminate\\Foundation\\Http\\Middleware\\ValidatePostSize->handle(Object(Illuminate\\Http\\Request), Object(Closure))
#28 C:\\Users\\derva\\Desktop\\movie-recommendation\\vendor\\laravel\\framework\\src\\Illuminate\\Foundation\\Http\\Middleware\\PreventRequestsDuringMaintenance.php(86): Illuminate\\Pipeline\\Pipeline->{closure:{closure:Illuminate\\Pipeline\\Pipeline::carry():142}:143}(Object(Illuminate\\Http\\Request))
#29 C:\\Users\\derva\\Desktop\\movie-recommendation\\vendor\\laravel\\framework\\src\\Illuminate\\Pipeline\\Pipeline.php(167): Illuminate\\Foundation\\Http\\Middleware\\PreventRequestsDuringMaintenance->handle(Object(Illuminate\\Http\\Request), Object(Closure))
#30 C:\\Users\\derva\\Desktop\\movie-recommendation\\vendor\\fruitcake\\laravel-cors\\src\\HandleCors.php(52): Illuminate\\Pipeline\\Pipeline->{closure:{closure:Illuminate\\Pipeline\\Pipeline::carry():142}:143}(Object(Illuminate\\Http\\Request))
#31 C:\\Users\\derva\\Desktop\\movie-recommendation\\vendor\\laravel\\framework\\src\\Illuminate\\Pipeline\\Pipeline.php(167): Fruitcake\\Cors\\HandleCors->handle(Object(Illuminate\\Http\\Request), Object(Closure))
#32 C:\\Users\\derva\\Desktop\\movie-recommendation\\vendor\\fideloper\\proxy\\src\\TrustProxies.php(57): Illuminate\\Pipeline\\Pipeline->{closure:{closure:Illuminate\\Pipeline\\Pipeline::carry():142}:143}(Object(Illuminate\\Http\\Request))
#33 C:\\Users\\derva\\Desktop\\movie-recommendation\\vendor\\laravel\\framework\\src\\Illuminate\\Pipeline\\Pipeline.php(167): Fideloper\\Proxy\\TrustProxies->handle(Object(Illuminate\\Http\\Request), Object(Closure))
#34 C:\\Users\\derva\\Desktop\\movie-recommendation\\vendor\\laravel\\framework\\src\\Illuminate\\Pipeline\\Pipeline.php(103): Illuminate\\Pipeline\\Pipeline->{closure:{closure:Illuminate\\Pipeline\\Pipeline::carry():142}:143}(Object(Illuminate\\Http\\Request))
#35 C:\\Users\\derva\\Desktop\\movie-recommendation\\vendor\\laravel\\framework\\src\\Illuminate\\Foundation\\Http\\Kernel.php(142): Illuminate\\Pipeline\\Pipeline->then(Object(Closure))
#36 C:\\Users\\derva\\Desktop\\movie-recommendation\\vendor\\laravel\\framework\\src\\Illuminate\\Foundation\\Http\\Kernel.php(111): Illuminate\\Foundation\\Http\\Kernel->sendRequestThroughRouter(Object(Illuminate\\Http\\Request))
#37 C:\\Users\\derva\\Desktop\\movie-recommendation\\public\\index.php(51): Illuminate\\Foundation\\Http\\Kernel->handle(Object(Illuminate\\Http\\Request))
#38 C:\\Users\\derva\\Desktop\\movie-recommendation\\server.php(21): require_once('C:\\\\Users\\\\derva\\\\...')
#39 {main}
"} 
[2026-03-29 10:48:09] local.ERROR: Session store not set on request. {"userId":5,"exception":"[object] (RuntimeException(code: 0): Session store not set on request. at C:\\Users\\derva\\Desktop\\movie-recommendation\\vendor\\laravel\\framework\\src\\Illuminate\\Http\\Request.php:515)
[stacktrace]
#0 C:\\Users\\derva\\Desktop\\movie-recommendation\\app\\Http\\Controllers\\AuthController.php(20): Illuminate\\Http\\Request->session()
#1 C:\\Users\\derva\\Desktop\\movie-recommendation\\vendor\\laravel\\framework\\src\\Illuminate\\Routing\\Controller.php(54): App\\Http\\Controllers\\AuthController->login(Object(Illuminate\\Http\\Request))
#2 C:\\Users\\derva\\Desktop\\movie-recommendation\\vendor\\laravel\\framework\\src\\Illuminate\\Routing\\ControllerDispatcher.php(45): Illuminate\\Routing\\Controller->callAction('login', Array)
#3 C:\\Users\\derva\\Desktop\\movie-recommendation\\vendor\\laravel\\framework\\src\\Illuminate\\Routing\\Route.php(261): Illuminate\\Routing\\ControllerDispatcher->dispatch(Object(Illuminate\\Routing\\Route), Object(App\\Http\\Controllers\\AuthController), 'login')
#4 C:\\Users\\derva\\Desktop\\movie-recommendation\\vendor\\laravel\\framework\\src\\Illuminate\\Routing\\Route.php(205): Illuminate\\Routing\\Route->runController()
#5 C:\\Users\\derva\\Desktop\\movie-recommendation\\vendor\\laravel\\framework\\src\\Illuminate\\Routing\\Router.php(721): Illuminate\\Routing\\Route->run()
#6 C:\\Users\\derva\\Desktop\\movie-recommendation\\vendor\\laravel\\framework\\src\\Illuminate\\Pipeline\\Pipeline.php(128): Illuminate\\Routing\\Router->{closure:Illuminate\\Routing\\Router::runRouteWithinStack():719}(Object(Illuminate\\Http\\Request))
#7 C:\\Users\\derva\\Desktop\\movie-recommendation\\vendor\\laravel\\framework\\src\\Illuminate\\Routing\\Middleware\\SubstituteBindings.php(50): Illuminate\\Pipeline\\Pipeline->{closure:Illuminate\\Pipeline\\Pipeline::prepareDestination():126}(Object(Illuminate\\Http\\Request))
#8 C:\\Users\\derva\\Desktop\\movie-recommendation\\vendor\\laravel\\framework\\src\\Illuminate\\Pipeline\\Pipeline.php(167): Illuminate\\Routing\\Middleware\\SubstituteBindings->handle(Object(Illuminate\\Http\\Request), Object(Closure))
#9 C:\\Users\\derva\\Desktop\\movie-recommendation\\vendor\\laravel\\framework\\src\\Illuminate\\Routing\\Middleware\\ThrottleRequests.php(127): Illuminate\\Pipeline\\Pipeline->{closure:{closure:Illuminate\\Pipeline\\Pipeline::carry():142}:143}(Object(Illuminate\\Http\\Request))
#10 C:\\Users\\derva\\Desktop\\movie-recommendation\\vendor\\laravel\\framework\\src\\Illuminate\\Routing\\Middleware\\ThrottleRequests.php(93): Illuminate\\Routing\\Middleware\\ThrottleRequests->handleRequest(Object(Illuminate\\Http\\Request), Object(Closure), Array)
#11 C:\\Users\\derva\\Desktop\\movie-recommendation\\vendor\\laravel\\framework\\src\\Illuminate\\Routing\\Middleware\\ThrottleRequests.php(55): Illuminate\\Routing\\Middleware\\ThrottleRequests->handleRequestUsingNamedLimiter(Object(Illuminate\\Http\\Request), Object(Closure), 'api', Object(Closure))
#12 C:\\Users\\derva\\Desktop\\movie-recommendation\\vendor\\laravel\\framework\\src\\Illuminate\\Pipeline\\Pipeline.php(167): Illuminate\\Routing\\Middleware\\ThrottleRequests->handle(Object(Illuminate\\Http\\Request), Object(Closure), 'api')
#13 C:\\Users\\derva\\Desktop\\movie-recommendation\\vendor\\laravel\\framework\\src\\Illuminate\\Pipeline\\Pipeline.php(103): Illuminate\\Pipeline\\Pipeline->{closure:{closure:Illuminate\\Pipeline\\Pipeline::carry():142}:143}(Object(Illuminate\\Http\\Request))
#14 C:\\Users\\derva\\Desktop\\movie-recommendation\\vendor\\laravel\\framework\\src\\Illuminate\\Routing\\Router.php(719): Illuminate\\Pipeline\\Pipeline->then(Object(Closure))
#15 C:\\Users\\derva\\Desktop\\movie-recommendation\\vendor\\laravel\\framework\\src\\Illuminate\\Routing\\Router.php(698): Illuminate\\Routing\\Router->runRouteWithinStack(Object(Illuminate\\Routing\\Route), Object(Illuminate\\Http\\Request))
#16 C:\\Users\\derva\\Desktop\\movie-recommendation\\vendor\\laravel\\framework\\src\\Illuminate\\Routing\\Router.php(662): Illuminate\\Routing\\Router->runRoute(Object(Illuminate\\Http\\Request), Object(Illuminate\\Routing\\Route))
#17 C:\\Users\\derva\\Desktop\\movie-recommendation\\vendor\\laravel\\framework\\src\\Illuminate\\Routing\\Router.php(651): Illuminate\\Routing\\Router->dispatchToRoute(Object(Illuminate\\Http\\Request))
#18 C:\\Users\\derva\\Desktop\\movie-recommendation\\vendor\\laravel\\framework\\src\\Illuminate\\Foundation\\Http\\Kernel.php(167): Illuminate\\Routing\\Router->dispatch(Object(Illuminate\\Http\\Request))
#19 C:\\Users\\derva\\Desktop\\movie-recommendation\\vendor\\laravel\\framework\\src\\Illuminate\\Pipeline\\Pipeline.php(128): Illuminate\\Foundation\\Http\\Kernel->{closure:Illuminate\\Foundation\\Http\\Kernel::dispatchToRouter():164}(Object(Illuminate\\Http\\Request))
#20 C:\\Users\\derva\\Desktop\\movie-recommendation\\vendor\\laravel\\framework\\src\\Illuminate\\Foundation\\Http\\Middleware\\TransformsRequest.php(21): Illuminate\\Pipeline\\Pipeline->{closure:Illuminate\\Pipeline\\Pipeline::prepareDestination():126}(Object(Illuminate\\Http\\Request))
#21 C:\\Users\\derva\\Desktop\\movie-recommendation\\vendor\\laravel\\framework\\src\\Illuminate\\Foundation\\Http\\Middleware\\ConvertEmptyStringsToNull.php(31): Illuminate\\Foundation\\Http\\Middleware\\TransformsRequest->handle(Object(Illuminate\\Http\\Request), Object(Closure))
#22 C:\\Users\\derva\\Desktop\\movie-recommendation\\vendor\\laravel\\framework\\src\\Illuminate\\Pipeline\\Pipeline.php(167): Illuminate\\Foundation\\Http\\Middleware\\ConvertEmptyStringsToNull->handle(Object(Illuminate\\Http\\Request), Object(Closure))
#23 C:\\Users\\derva\\Desktop\\movie-recommendation\\vendor\\laravel\\framework\\src\\Illuminate\\Foundation\\Http\\Middleware\\TransformsRequest.php(21): Illuminate\\Pipeline\\Pipeline->{closure:{closure:Illuminate\\Pipeline\\Pipeline::carry():142}:143}(Object(Illuminate\\Http\\Request))
#24 C:\\Users\\derva\\Desktop\\movie-recommendation\\vendor\\laravel\\framework\\src\\Illuminate\\Foundation\\Http\\Middleware\\TrimStrings.php(40): Illuminate\\Foundation\\Http\\Middleware\\TransformsRequest->handle(Object(Illuminate\\Http\\Request), Object(Closure))
#25 C:\\Users\\derva\\Desktop\\movie-recommendation\\vendor\\laravel\\framework\\src\\Illuminate\\Pipeline\\Pipeline.php(167): Illuminate\\Foundation\\Http\\Middleware\\TrimStrings->handle(Object(Illuminate\\Http\\Request), Object(Closure))
#26 C:\\Users\\derva\\Desktop\\movie-recommendation\\vendor\\laravel\\framework\\src\\Illuminate\\Foundation\\Http\\Middleware\\ValidatePostSize.php(27): Illuminate\\Pipeline\\Pipeline->{closure:{closure:Illuminate\\Pipeline\\Pipeline::carry():142}:143}(Object(Illuminate\\Http\\Request))
#27 C:\\Users\\derva\\Desktop\\movie-recommendation\\vendor\\laravel\\framework\\src\\Illuminate\\Pipeline\\Pipeline.php(167): Illuminate\\Foundation\\Http\\Middleware\\ValidatePostSize->handle(Object(Illuminate\\Http\\Request), Object(Closure))
#28 C:\\Users\\derva\\Desktop\\movie-recommendation\\vendor\\laravel\\framework\\src\\Illuminate\\Foundation\\Http\\Middleware\\PreventRequestsDuringMaintenance.php(86): Illuminate\\Pipeline\\Pipeline->{closure:{closure:Illuminate\\Pipeline\\Pipeline::carry():142}:143}(Object(Illuminate\\Http\\Request))
#29 C:\\Users\\derva\\Desktop\\movie-recommendation\\vendor\\laravel\\framework\\src\\Illuminate\\Pipeline\\Pipeline.php(167): Illuminate\\Foundation\\Http\\Middleware\\PreventRequestsDuringMaintenance->handle(Object(Illuminate\\Http\\Request), Object(Closure))
#30 C:\\Users\\derva\\Desktop\\movie-recommendation\\vendor\\fruitcake\\laravel-cors\\src\\HandleCors.php(52): Illuminate\\Pipeline\\Pipeline->{closure:{closure:Illuminate\\Pipeline\\Pipeline::carry():142}:143}(Object(Illuminate\\Http\\Request))
#31 C:\\Users\\derva\\Desktop\\movie-recommendation\\vendor\\laravel\\framework\\src\\Illuminate\\Pipeline\\Pipeline.php(167): Fruitcake\\Cors\\HandleCors->handle(Object(Illuminate\\Http\\Request), Object(Closure))
#32 C:\\Users\\derva\\Desktop\\movie-recommendation\\vendor\\fideloper\\proxy\\src\\TrustProxies.php(57): Illuminate\\Pipeline\\Pipeline->{closure:{closure:Illuminate\\Pipeline\\Pipeline::carry():142}:143}(Object(Illuminate\\Http\\Request))
#33 C:\\Users\\derva\\Desktop\\movie-recommendation\\vendor\\laravel\\framework\\src\\Illuminate\\Pipeline\\Pipeline.php(167): Fideloper\\Proxy\\TrustProxies->handle(Object(Illuminate\\Http\\Request), Object(Closure))
#34 C:\\Users\\derva\\Desktop\\movie-recommendation\\vendor\\laravel\\framework\\src\\Illuminate\\Pipeline\\Pipeline.php(103): Illuminate\\Pipeline\\Pipeline->{closure:{closure:Illuminate\\Pipeline\\Pipeline::carry():142}:143}(Object(Illuminate\\Http\\Request))
#35 C:\\Users\\derva\\Desktop\\movie-recommendation\\vendor\\laravel\\framework\\src\\Illuminate\\Foundation\\Http\\Kernel.php(142): Illuminate\\Pipeline\\Pipeline->then(Object(Closure))
#36 C:\\Users\\derva\\Desktop\\movie-recommendation\\vendor\\laravel\\framework\\src\\Illuminate\\Foundation\\Http\\Kernel.php(111): Illuminate\\Foundation\\Http\\Kernel->sendRequestThroughRouter(Object(Illuminate\\Http\\Request))
#37 C:\\Users\\derva\\Desktop\\movie-recommendation\\public\\index.php(51): Illuminate\\Foundation\\Http\\Kernel->handle(Object(Illuminate\\Http\\Request))
#38 C:\\Users\\derva\\Desktop\\movie-recommendation\\server.php(21): require_once('C:\\\\Users\\\\derva\\\\...')
#39 {main}
"} 
[2026-03-29 10:48:25] local.ERROR: Session store not set on request. {"userId":5,"exception":"[object] (RuntimeException(code: 0): Session store not set on request. at C:\\Users\\derva\\Desktop\\movie-recommendation\\vendor\\laravel\\framework\\src\\Illuminate\\Http\\Request.php:515)
[stacktrace]
#0 C:\\Users\\derva\\Desktop\\movie-recommendation\\app\\Http\\Controllers\\AuthController.php(20): Illuminate\\Http\\Request->session()
#1 C:\\Users\\derva\\Desktop\\movie-recommendation\\vendor\\laravel\\framework\\src\\Illuminate\\Routing\\Controller.php(54): App\\Http\\Controllers\\AuthController->login(Object(Illuminate\\Http\\Request))
#2 C:\\Users\\derva\\Desktop\\movie-recommendation\\vendor\\laravel\\framework\\src\\Illuminate\\Routing\\ControllerDispatcher.php(45): Illuminate\\Routing\\Controller->callAction('login', Array)
#3 C:\\Users\\derva\\Desktop\\movie-recommendation\\vendor\\laravel\\framework\\src\\Illuminate\\Routing\\Route.php(261): Illuminate\\Routing\\ControllerDispatcher->dispatch(Object(Illuminate\\Routing\\Route), Object(App\\Http\\Controllers\\AuthController), 'login')
#4 C:\\Users\\derva\\Desktop\\movie-recommendation\\vendor\\laravel\\framework\\src\\Illuminate\\Routing\\Route.php(205): Illuminate\\Routing\\Route->runController()
#5 C:\\Users\\derva\\Desktop\\movie-recommendation\\vendor\\laravel\\framework\\src\\Illuminate\\Routing\\Router.php(721): Illuminate\\Routing\\Route->run()
#6 C:\\Users\\derva\\Desktop\\movie-recommendation\\vendor\\laravel\\framework\\src\\Illuminate\\Pipeline\\Pipeline.php(128): Illuminate\\Routing\\Router->{closure:Illuminate\\Routing\\Router::runRouteWithinStack():719}(Object(Illuminate\\Http\\Request))
#7 C:\\Users\\derva\\Desktop\\movie-recommendation\\vendor\\laravel\\framework\\src\\Illuminate\\Routing\\Middleware\\SubstituteBindings.php(50): Illuminate\\Pipeline\\Pipeline->{closure:Illuminate\\Pipeline\\Pipeline::prepareDestination():126}(Object(Illuminate\\Http\\Request))
#8 C:\\Users\\derva\\Desktop\\movie-recommendation\\vendor\\laravel\\framework\\src\\Illuminate\\Pipeline\\Pipeline.php(167): Illuminate\\Routing\\Middleware\\SubstituteBindings->handle(Object(Illuminate\\Http\\Request), Object(Closure))
#9 C:\\Users\\derva\\Desktop\\movie-recommendation\\vendor\\laravel\\framework\\src\\Illuminate\\Routing\\Middleware\\ThrottleRequests.php(127): Illuminate\\Pipeline\\Pipeline->{closure:{closure:Illuminate\\Pipeline\\Pipeline::carry():142}:143}(Object(Illuminate\\Http\\Request))
#10 C:\\Users\\derva\\Desktop\\movie-recommendation\\vendor\\laravel\\framework\\src\\Illuminate\\Routing\\Middleware\\ThrottleRequests.php(93): Illuminate\\Routing\\Middleware\\ThrottleRequests->handleRequest(Object(Illuminate\\Http\\Request), Object(Closure), Array)
#11 C:\\Users\\derva\\Desktop\\movie-recommendation\\vendor\\laravel\\framework\\src\\Illuminate\\Routing\\Middleware\\ThrottleRequests.php(55): Illuminate\\Routing\\Middleware\\ThrottleRequests->handleRequestUsingNamedLimiter(Object(Illuminate\\Http\\Request), Object(Closure), 'api', Object(Closure))
#12 C:\\Users\\derva\\Desktop\\movie-recommendation\\vendor\\laravel\\framework\\src\\Illuminate\\Pipeline\\Pipeline.php(167): Illuminate\\Routing\\Middleware\\ThrottleRequests->handle(Object(Illuminate\\Http\\Request), Object(Closure), 'api')
#13 C:\\Users\\derva\\Desktop\\movie-recommendation\\vendor\\laravel\\framework\\src\\Illuminate\\Pipeline\\Pipeline.php(103): Illuminate\\Pipeline\\Pipeline->{closure:{closure:Illuminate\\Pipeline\\Pipeline::carry():142}:143}(Object(Illuminate\\Http\\Request))
#14 C:\\Users\\derva\\Desktop\\movie-recommendation\\vendor\\laravel\\framework\\src\\Illuminate\\Routing\\Router.php(719): Illuminate\\Pipeline\\Pipeline->then(Object(Closure))
#15 C:\\Users\\derva\\Desktop\\movie-recommendation\\vendor\\laravel\\framework\\src\\Illuminate\\Routing\\Router.php(698): Illuminate\\Routing\\Router->runRouteWithinStack(Object(Illuminate\\Routing\\Route), Object(Illuminate\\Http\\Request))
#16 C:\\Users\\derva\\Desktop\\movie-recommendation\\vendor\\laravel\\framework\\src\\Illuminate\\Routing\\Router.php(662): Illuminate\\Routing\\Router->runRoute(Object(Illuminate\\Http\\Request), Object(Illuminate\\Routing\\Route))
#17 C:\\Users\\derva\\Desktop\\movie-recommendation\\vendor\\laravel\\framework\\src\\Illuminate\\Routing\\Router.php(651): Illuminate\\Routing\\Router->dispatchToRoute(Object(Illuminate\\Http\\Request))
#18 C:\\Users\\derva\\Desktop\\movie-recommendation\\vendor\\laravel\\framework\\src\\Illuminate\\Foundation\\Http\\Kernel.php(167): Illuminate\\Routing\\Router->dispatch(Object(Illuminate\\Http\\Request))
#19 C:\\Users\\derva\\Desktop\\movie-recommendation\\vendor\\laravel\\framework\\src\\Illuminate\\Pipeline\\Pipeline.php(128): Illuminate\\Foundation\\Http\\Kernel->{closure:Illuminate\\Foundation\\Http\\Kernel::dispatchToRouter():164}(Object(Illuminate\\Http\\Request))
#20 C:\\Users\\derva\\Desktop\\movie-recommendation\\vendor\\laravel\\framework\\src\\Illuminate\\Foundation\\Http\\Middleware\\TransformsRequest.php(21): Illuminate\\Pipeline\\Pipeline->{closure:Illuminate\\Pipeline\\Pipeline::prepareDestination():126}(Object(Illuminate\\Http\\Request))
#21 C:\\Users\\derva\\Desktop\\movie-recommendation\\vendor\\laravel\\framework\\src\\Illuminate\\Foundation\\Http\\Middleware\\ConvertEmptyStringsToNull.php(31): Illuminate\\Foundation\\Http\\Middleware\\TransformsRequest->handle(Object(Illuminate\\Http\\Request), Object(Closure))
#22 C:\\Users\\derva\\Desktop\\movie-recommendation\\vendor\\laravel\\framework\\src\\Illuminate\\Pipeline\\Pipeline.php(167): Illuminate\\Foundation\\Http\\Middleware\\ConvertEmptyStringsToNull->handle(Object(Illuminate\\Http\\Request), Object(Closure))
#23 C:\\Users\\derva\\Desktop\\movie-recommendation\\vendor\\laravel\\framework\\src\\Illuminate\\Foundation\\Http\\Middleware\\TransformsRequest.php(21): Illuminate\\Pipeline\\Pipeline->{closure:{closure:Illuminate\\Pipeline\\Pipeline::carry():142}:143}(Object(Illuminate\\Http\\Request))
#24 C:\\Users\\derva\\Desktop\\movie-recommendation\\vendor\\laravel\\framework\\src\\Illuminate\\Foundation\\Http\\Middleware\\TrimStrings.php(40): Illuminate\\Foundation\\Http\\Middleware\\TransformsRequest->handle(Object(Illuminate\\Http\\Request), Object(Closure))
#25 C:\\Users\\derva\\Desktop\\movie-recommendation\\vendor\\laravel\\framework\\src\\Illuminate\\Pipeline\\Pipeline.php(167): Illuminate\\Foundation\\Http\\Middleware\\TrimStrings->handle(Object(Illuminate\\Http\\Request), Object(Closure))
#26 C:\\Users\\derva\\Desktop\\movie-recommendation\\vendor\\laravel\\framework\\src\\Illuminate\\Foundation\\Http\\Middleware\\ValidatePostSize.php(27): Illuminate\\Pipeline\\Pipeline->{closure:{closure:Illuminate\\Pipeline\\Pipeline::carry():142}:143}(Object(Illuminate\\Http\\Request))
#27 C:\\Users\\derva\\Desktop\\movie-recommendation\\vendor\\laravel\\framework\\src\\Illuminate\\Pipeline\\Pipeline.php(167): Illuminate\\Foundation\\Http\\Middleware\\ValidatePostSize->handle(Object(Illuminate\\Http\\Request), Object(Closure))
#28 C:\\Users\\derva\\Desktop\\movie-recommendation\\vendor\\laravel\\framework\\src\\Illuminate\\Foundation\\Http\\Middleware\\PreventRequestsDuringMaintenance.php(86): Illuminate\\Pipeline\\Pipeline->{closure:{closure:Illuminate\\Pipeline\\Pipeline::carry():142}:143}(Object(Illuminate\\Http\\Request))
#29 C:\\Users\\derva\\Desktop\\movie-recommendation\\vendor\\laravel\\framework\\src\\Illuminate\\Pipeline\\Pipeline.php(167): Illuminate\\Foundation\\Http\\Middleware\\PreventRequestsDuringMaintenance->handle(Object(Illuminate\\Http\\Request), Object(Closure))
#30 C:\\Users\\derva\\Desktop\\movie-recommendation\\vendor\\fruitcake\\laravel-cors\\src\\HandleCors.php(52): Illuminate\\Pipeline\\Pipeline->{closure:{closure:Illuminate\\Pipeline\\Pipeline::carry():142}:143}(Object(Illuminate\\Http\\Request))
#31 C:\\Users\\derva\\Desktop\\movie-recommendation\\vendor\\laravel\\framework\\src\\Illuminate\\Pipeline\\Pipeline.php(167): Fruitcake\\Cors\\HandleCors->handle(Object(Illuminate\\Http\\Request), Object(Closure))
#32 C:\\Users\\derva\\Desktop\\movie-recommendation\\vendor\\fideloper\\proxy\\src\\TrustProxies.php(57): Illuminate\\Pipeline\\Pipeline->{closure:{closure:Illuminate\\Pipeline\\Pipeline::carry():142}:143}(Object(Illuminate\\Http\\Request))
#33 C:\\Users\\derva\\Desktop\\movie-recommendation\\vendor\\laravel\\framework\\src\\Illuminate\\Pipeline\\Pipeline.php(167): Fideloper\\Proxy\\TrustProxies->handle(Object(Illuminate\\Http\\Request), Object(Closure))
#34 C:\\Users\\derva\\Desktop\\movie-recommendation\\vendor\\laravel\\framework\\src\\Illuminate\\Pipeline\\Pipeline.php(103): Illuminate\\Pipeline\\Pipeline->{closure:{closure:Illuminate\\Pipeline\\Pipeline::carry():142}:143}(Object(Illuminate\\Http\\Request))
#35 C:\\Users\\derva\\Desktop\\movie-recommendation\\vendor\\laravel\\framework\\src\\Illuminate\\Foundation\\Http\\Kernel.php(142): Illuminate\\Pipeline\\Pipeline->then(Object(Closure))
#36 C:\\Users\\derva\\Desktop\\movie-recommendation\\vendor\\laravel\\framework\\src\\Illuminate\\Foundation\\Http\\Kernel.php(111): Illuminate\\Foundation\\Http\\Kernel->sendRequestThroughRouter(Object(Illuminate\\Http\\Request))
#37 C:\\Users\\derva\\Desktop\\movie-recommendation\\public\\index.php(51): Illuminate\\Foundation\\Http\\Kernel->handle(Object(Illuminate\\Http\\Request))
#38 C:\\Users\\derva\\Desktop\\movie-recommendation\\server.php(21): require_once('C:\\\\Users\\\\derva\\\\...')
#39 {main}
"} 
